user_id,sequence_item_ids,sequence_timestamps,sequence_is_click,sequence_is_like,sequence_is_follow,sequence_is_comment,sequence_is_forward,sequence_is_hate,sequence_long_view,sequence_play_time_ms,sequence_duration_ms,sequence_profile_stay_time,sequence_comment_stay_time,sequence_is_profile_enter,sequence_tab
0,"160,153,112,108,12,209,200,197,182,147,125,193,150,161,65,183,72,11,34,162","1649673604040,1649673938501,1649675534978,1649675627118,1649793902235,1649793929230,1649849777368,1649936894064,1650111976017,1650338460613,1650338617363,1650340355096,1650346907666,1650346907666,1650451891679,1650452026107,1650513091943,1650513286234,1650523143928,1650523678719","0,0,0,0,0,0,0,0,0,1,1,0,0,0,1,1,1,0,0,0","0,0,0,0,0,0,0,0,0,0,0,0,0,0,0,0,0,0,0,0","0,0,0,0,0,0,0,0,0,0,0,0,0,0,0,0,0,0,0,0","0,0,0,0,0,0,0,0,0,0,0,0,0,0,0,0,0,0,0,0","0,0,0,0,0,0,0,0,0,0,0,0,0,0,0,0,0,0,0,0","0,0,0,0,0,0,0,0,0,0,0,0,0,0,0,0,0,0,0,0","0,0,0,0,0,0,0,0,0,1,1,0,0,0,0,1,1,0,0,0","1266,1139,1432,727,1148,1170,0,2136,0,15174,9846,2322,792,1368,8271,251588,87991,1201,3246,2806","435900,46100,56400,15000,112280,166133,121760,11733,14666,13433,8840,17950,8566,27233,11633,276300,84233,8100,300800,184184","0,0,0,0,0,0,0,0,0,0,0,0,0,0,0,0,0,0,0,0","0,0,0,0,0,0,0,0,0,0,0,0,0,0,0,0,0,0,0,0","0,0,0,0,0,0,0,0,0,0,0,0,0,0,0,0,0,0,0,0","1,1,1,1,1,1,0,1,0,1,1,1,1,1,1,1,1,1,1,1"
1,"68,100,12,221,112,140,0,91,101,38,40","1649557044705,1649684743664,1649687573296,1649687573296,1649687882631,1649706375845,1649706789917,1649708059984,1649761819552,1650082375606,1650204860759","1,0,0,1,1,1,1,1,1,1,1","0,0,0,0,0,0,0,0,0,0,0","0,0,0,0,0,0,0,0,0,0,0","0,0,0,0,0,0,0,0,0,0,0","0,0,0,0,0,0,0,0,0,0,0","0,0,0,0,0,0,0,0,0,0,0","1,0,0,1,1,1,1,1,1,1,1","20567,0,1526,10387,31340,21801,158156,17118,15559,25752,198886","11250,11840,112280,7760,56400,19700,156433,10760,14133,10000,189600","0,0,0,0,0,0,0,0,0,0,0","0,0,0,0,0,0,0,0,0,0,0","0,0,0,0,0,0,0,0,0,0,0","1,0,1,1,1,1,1,1,1,1,1"
2,"140,196,15,99,119,90,213,5,139,116,206,165,179,73,190,14,138,203,144,1,10,136,68,52,49,224,64,223,175,178,39,134,38,210,117,170,141,180","1649386882330,1649425314678,1649474421760,1649512039168,1649512636970,1649556910834,1649560607617,1649591262390,1649591262390,1649592159464,1649595523225,1649598591297,1649658139035,1649667632996,1649669365214,1649669365214,1649670282994,1649676154182,1649679107627,1649685220410,1649755418498,1649771963481,1649825369457,1649827093738,1649838508647,1649844041269,1649845374743,1649929552262,1649930189319,1649931527004,1649931527004,1649995216575,1650084053516,1650090593354,1650121780155,1650197279727,1650378154602,1650378932742","0,1,1,0,1,1,1,1,1,1,0,0,0,0,1,1,0,1,0,1,1,1,1,1,1,1,1,1,1,1,1,1,1,1,1,0,1,1","0,0,0,0,0,0,0,0,0,0,0,0,0,0,0,0,0,0,0,0,0,0,0,0,0,0,0,0,0,0,0,0,0,0,0,0,0,0","0,0,0,0,0,0,0,0,0,0,0,0,0,0,0,0,0,0,0,0,0,0,0,0,0,0,0,0,0,0,0,0,0,0,0,0,0,0","0,0,0,0,0,0,0,0,0,0,0,0,0,0,0,0,0,0,0,0,0,0,0,0,0,0,0,0,0,0,0,0,0,0,0,0,0,0","0,0,0,0,0,0,0,0,0,0,0,0,0,0,0,0,0,0,0,0,0,0,0,0,0,0,0,0,0,0,0,0,0,0,0,0,0,0","0,0,0,0,0,0,0,0,0,0,0,0,0,0,0,0,0,0,0,0,0,0,0,0,0,0,0,0,0,0,0,0,0,0,0,0,0,0","0,1,1,0,1,0,1,1,0,1,0,0,0,0,1,1,0,1,0,1,1,1,1,0,0,1,1,0,1,1,1,1,1,0,1,0,1,1","6559,61882,6750,2874,9434,0,36056,15997,10569,59507,3589,1941,4812,0,19103,69459,2548,14533,4219,28556,13277,94917,20039,10237,7451,149234,32097,9754,70568,23653,8672,18047,16579,12854,49511,1950,28500,93731","19700,59600,5655,12833,8000,34333,34200,13200,222133,64083,61200,12600,6166,38433,8451,64680,12300,13283,8575,25933,9400,232382,11250,16616,11480,147840,39433,129699,67000,14900,8866,10500,10000,147280,10233,29640,5833,91866","0,0,0,0,0,0,0,0,0,0,0,0,0,0,0,0,0,0,0,0,0,0,0,0,0,0,0,0,0,0,0,0,0,0,0,0,0,0","0,0,0,0,0,0,0,0,0,0,0,0,0,0,0,0,0,0,0,0,0,0,0,0,0,0,0,0,0,0,0,0,0,0,0,0,20773,0","0,0,0,0,0,0,0,0,0,0,0,0,0,0,0,0,0,0,0,0,0,0,0,0,0,0,0,0,1,0,0,0,0,0,0,0,0,0","1,1,1,1,1,0,1,1,1,1,1,1,1,1,1,1,1,1,1,1,1,1,1,6,1,1,1,1,1,1,1,2,1,1,1,1,1,1"
3,"140,169,176,112,221,0,91,27,107,43,129,14,190,6,23,42,10,213,158,82,210,210,210,28,84,115,228,38,191,184,35,177,222,179,219,109,31,22,110,170,59,198,66,122,17,40,11,92,195,133,34,86,63,8,77,21,173,148,173,85,201,36,104,21,98,194","1649405895115,1649499517916,1649517537047,1649597174939,1649597416052,1649597416052,1649658924890,1649661011375,1649661550770,1649662085626,1649662186044,1649669347812,1649669347812,1649680519239,1649757357016,1649776883142,1649776883142,1649777387279,1649919488311,1649943695896,1650014770248,1650014902261,1650015045382,1650016850037,1650017110741,1650035815621,1650077963873,1650079228669,1650079414905,1650079568360,1650113974251,1650116053249,1650116320753,1650116522703,1650120374370,1650123313735,1650192730946,1650192730946,1650193128717,1650197153771,1650199270130,1650200682824,1650200765832,1650202076091,1650203541996,1650204014314,1650208425561,1650208524827,1650209001983,1650209173199,1650209365792,1650209434936,1650209605864,1650210260140,1650253896139,1650253908037,1650368138722,1650382776775,1650445240898,1650534493053,1650534493053,1650534632768,1650534684467,1650535358889,1650546603047,1650549961063","1,1,1,0,0,1,1,1,0,1,1,1,1,0,0,1,1,1,1,1,0,0,0,1,1,0,1,1,1,1,1,1,0,1,1,1,1,1,1,0,0,1,0,0,1,0,1,0,0,1,0,0,1,1,0,0,0,1,1,0,1,0,1,0,1,1","0,0,0,0,0,0,0,0,0,0,0,0,0,0,0,0,0,0,0,0,0,0,0,0,0,0,0,0,0,0,0,0,0,0,0,0,0,0,0,0,0,0,0,0,0,0,0,0,0,0,0,0,0,0,0,0,0,0,0,0,0,0,0,0,0,0","0,0,0,0,0,0,0,0,0,0,0,0,0,0,0,0,0,0,0,0,0,0,0,0,0,0,0,0,0,0,0,0,0,0,0,0,0,0,0,0,0,0,0,0,0,0,0,0,0,0,0,0,0,0,0,0,0,0,0,0,0,0,0,0,0,0","0,0,0,0,0,0,0,0,0,0,0,0,0,0,0,0,0,0,0,0,0,0,0,0,0,0,0,0,0,0,0,0,0,0,0,0,0,0,0,0,0,0,0,0,0,0,0,0,0,0,0,0,0,0,0,0,0,0,0,0,0,0,0,0,0,0","0,0,0,0,0,0,0,0,0,0,0,0,0,0,0,0,0,0,0,0,0,0,0,0,0,0,0,0,0,0,0,0,0,0,0,0,0,0,0,0,0,0,0,0,0,0,0,0,0,0,0,0,0,0,0,0,0,0,0,0,0,0,0,0,0,0","0,0,0,0,0,0,0,0,0,0,0,0,0,0,0,0,0,0,0,0,0,0,0,0,0,0,0,0,0,0,0,0,0,0,0,0,0,0,0,0,0,0,0,0,0,0,0,0,0,0,0,0,0,0,0,0,0,0,0,0,0,0,0,0,0,0","1,0,0,0,0,1,1,0,0,1,0,0,1,0,0,1,1,1,0,1,0,0,0,1,1,0,1,0,1,1,1,1,0,1,0,0,1,1,1,0,0,0,0,0,0,0,1,0,0,1,0,0,1,0,0,0,0,1,1,0,1,0,0,0,1,1","19587,15377,11641,1868,5552,154490,21100,9911,3333,19573,15165,17895,9604,0,0,83914,11096,34645,9852,15100,0,0,0,10971,8968,2055,19058,7160,13401,19510,16459,36007,3501,8354,16121,8249,7857,11675,24353,2978,4023,8540,3697,3302,11261,5818,9017,4348,2959,9324,3762,1382,15026,7352,0,0,0,127442,18648,4754,7767,2061,8310,6015,12063,7452","19700,189560,13400,56400,7760,156433,10760,13540,8433,166440,196800,64680,8451,11166,14266,123366,9400,34200,10083,13100,147280,147280,147280,9700,7583,11616,146813,10000,8080,213866,15600,44100,11566,6166,295960,39816,6966,10300,26333,29640,145033,14466,476442,11766,114120,189600,8100,17300,11366,7800,300800,25500,7100,12266,14266,9208,18700,120300,18700,10700,5000,126100,10700,9208,10700,5827","0,0,0,0,0,0,0,0,0,0,0,0,0,0,0,0,0,0,0,0,0,0,0,0,0,0,0,0,0,0,0,0,0,0,0,0,0,0,0,0,0,0,0,0,0,0,0,0,0,0,0,0,0,0,0,0,0,0,0,0,0,0,0,0,0,0","0,0,0,0,0,5305,10393,0,0,0,0,0,0,0,0,0,0,0,0,0,0,0,0,0,0,0,0,0,0,0,0,0,0,0,0,0,0,0,0,0,0,0,0,0,0,0,0,0,0,0,0,0,0,0,0,0,0,9119,0,0,0,0,0,0,0,0","0,0,0,0,0,0,0,0,0,0,0,0,0,0,0,0,0,0,0,0,0,0,0,0,0,0,0,0,0,0,0,0,0,0,0,0,0,0,0,0,0,0,0,0,0,0,0,0,0,0,0,0,0,0,0,0,0,0,0,0,0,0,0,0,0,0","1,1,1,1,1,1,1,1,1,1,1,1,1,0,0,1,1,1,1,1,0,0,0,4,4,1,1,1,1,1,1,1,1,1,1,1,1,1,1,1,1,1,1,1,1,1,1,1,1,1,1,1,1,1,0,0,0,0,1,1,1,1,1,1,1,1"
4,"48,57,163,211,12,18,138,26,26,97,172,183,183,61,61,85,65","1649420202334,1649509774691,1649510033801,1649602279040,1649658069287,1649663973242,1649665105103,1650024910450,1650025219573,1650194275686,1650210380809,1650291682398,1650292032203,1650387282634,1650387855769,1650514000751,1650515088731","1,1,1,0,1,0,1,1,1,1,0,1,1,1,1,0,0","0,0,0,0,0,0,0,0,0,0,0,0,0,0,0,0,0","0,0,0,0,0,0,0,0,0,0,0,0,0,0,0,0,0","0,0,0,0,0,0,0,0,0,0,0,0,0,0,0,0,0","0,0,0,0,0,0,0,0,0,0,0,0,0,0,0,0,0","0,0,0,0,0,0,0,0,0,0,0,0,0,0,0,0,0","1,1,1,0,1,0,1,0,1,1,0,0,0,0,1,0,0","18344,12460,52325,0,24651,5415,34782,0,58408,44696,6039,0,13030,0,17937,3583,0","8366,6233,51580,143533,112280,7200,12300,8766,8766,9466,7466,276300,276300,9800,9800,10700,11633","0,0,0,0,0,0,0,0,0,0,0,0,0,0,0,0,0","0,0,0,0,0,0,0,0,0,0,0,0,0,0,0,0,0","0,0,0,0,0,0,0,0,0,0,0,0,0,0,0,0,0","1,1,1,0,1,1,1,1,1,1,1,1,1,1,1,1,0"
5,"67,3,213,216,4,71,159,7,60,208,154,94,30,169,17,9,219,135,87","1649582144896,1649594985568,1649656501419,1649677058207,1649685876143,1649685876143,1649686767146,1649686927687,1649688333138,1649688468952,1649854972937,1649854972937,1649856470791,1649943950580,1649946331703,1650195097175,1650342716932,1650364868015,1650447943748","1,0,1,0,1,1,0,0,0,1,0,1,0,0,0,1,1,1,0","0,0,0,0,0,0,0,0,0,0,0,0,0,0,0,0,0,0,0","0,0,0,0,0,0,0,0,0,0,0,0,0,0,0,0,0,0,0","0,0,0,0,0,0,0,0,0,0,0,0,0,0,0,0,0,0,0","0,0,0,0,0,0,0,0,0,0,0,0,0,0,0,0,0,0,0","0,0,0,0,0,0,0,0,0,0,0,0,0,0,0,0,0,0,0","1,0,0,0,1,1,0,0,0,1,0,1,0,0,0,1,1,1,0","8438,3085,1747,4413,6953,25409,1079,4965,1798,23323,2284,29905,4877,2498,2777,47007,283801,7238,2393","7600,108433,34200,5566,6133,24896,89400,104400,258451,73833,21983,79566,105680,189560,114120,136300,295960,7400,6700","0,0,0,0,0,0,0,0,0,0,0,0,0,0,0,0,0,0,0","0,0,0,0,0,0,0,0,0,0,0,0,0,0,0,0,0,0,0","0,0,0,0,0,0,0,0,0,0,0,0,0,0,0,0,1,0,0","1,1,1,1,1,1,1,1,1,1,1,1,1,1,1,1,1,1,1"
6,"198,195,163,168,24,67,45,46,138,112,62,18,162,189,189,144,112,132,74,81,52,52,56,158,50,124,161,182,150,85,36,54","1649393900009,1649395321627,1649469059566,1649489189852,1649494161253,1649586088589,1649586344379,1649588029608,1649659129441,1649670352996,1649671009707,1649735976545,1649743655551,1649745338909,1649745338909,1649754656197,1649754808139,1649754970187,1649837746102,1649839400567,1649852238301,1649852238301,1649884695843,1649928063224,1649929597854,1649938092388,1650084380238,1650158642892,1650356205132,1650450374261,1650540165474,1650540953852","0,1,0,1,0,1,0,1,0,0,0,0,1,0,0,0,0,0,1,0,0,0,0,0,0,1,0,0,1,0,0,1","0,0,0,0,0,0,0,0,0,0,0,0,0,0,0,0,0,0,0,0,0,0,0,0,0,0,0,0,0,0,0,0","0,0,0,0,0,0,0,0,0,0,0,0,0,0,0,0,0,0,0,0,0,0,0,0,0,0,0,0,0,0,0,0","0,0,0,0,0,0,0,0,0,0,0,0,0,0,0,0,0,0,0,0,0,0,0,0,0,0,0,0,0,0,0,0","0,0,0,0,0,0,0,0,0,0,0,0,0,0,0,0,0,0,0,0,0,0,0,0,0,0,0,0,0,0,0,0","0,0,0,0,0,0,0,0,0,0,0,0,0,0,0,0,0,0,0,0,0,0,0,0,0,0,0,0,0,0,0,0","0,0,0,1,0,1,0,0,0,0,0,0,1,0,0,0,0,0,1,0,0,0,0,0,0,1,0,0,1,0,0,1","1493,7878,1287,35583,1447,16163,2065,14036,1291,0,1368,1478,48841,1364,1364,4134,3211,5639,8748,1103,2133,2133,5758,1705,1091,9169,6194,1060,15790,6481,1309,10566","14466,11366,51580,62720,6266,7600,51133,15344,12300,56400,9541,7200,184184,146200,146200,8575,56400,285980,6566,9800,16616,16616,91680,10083,10800,6033,27233,14666,8566,10700,126100,7633","0,0,0,0,0,0,0,0,0,0,0,0,0,0,0,0,0,0,0,0,0,0,0,0,0,0,0,0,0,0,0,0","0,0,0,0,0,0,0,0,0,0,0,0,0,0,0,0,0,0,0,0,0,0,0,0,0,0,0,0,0,0,0,0","0,0,0,0,0,0,0,0,0,0,0,0,0,0,0,0,0,0,0,0,0,0,0,0,0,0,0,0,0,0,0,0","1,1,1,1,1,1,1,1,1,0,1,1,1,6,6,4,4,4,1,1,6,6,1,1,1,1,1,1,1,1,1,1"
7,"37,39,57,113,100,146,188,4,176,202,63,107,91,187,138,46,50,0,189,189,184,18,62,60,17,192,191,224,101,220,154,51,32,22,95,81,179,70,43,106,74,10,28,47,164,151,23,204,200,55,225,158,123,52,215,105,152,38,228,177,35,77,125,180,130,174,226,19,187,219,114,98,54,61,65,59,80,33","1649398545767,1649464954314,1649555362918,1649555388181,1649555573780,1649557041094,1649569759538,1649584462209,1649584506537,1649584506537,1649584594439,1649649131569,1649649184144,1649649246781,1649677490361,1649677553410,1649677553410,1649696867276,1649703848916,1649703848916,1649704209427,1649704880794,1649706091839,1649706091839,1649709292759,1649736459909,1649753285721,1649753824986,1649754763412,1649764873853,1649765061272,1649842124719,1649843187973,1649843333376,1649848766290,1649849177593,1649849427306,1649851235622,1649855486905,1649856877335,1649857646108,1649857751457,1649858081833,1649858199604,1649858208349,1649858517788,1649859791418,1649863939797,1649864372383,1649864854969,1649924850043,1649924865269,1649925090613,1649925090613,1649929624304,1649929914665,1649930205613,1650078963967,1650103442024,1650122521422,1650162063659,1650260706606,1650286205083,1650429159812,1650430229257,1650430952247,1650450655342,1650452540789,1650511089432,1650517442620,1650524489052,1650540896079,1650542297167,1650542352105,1650542426854,1650550624677,1650555870065,1650555980446","1,1,1,1,0,1,0,0,1,0,0,0,1,0,0,1,1,0,1,1,0,1,1,0,1,1,1,0,0,0,0,0,1,0,0,1,0,0,0,0,1,1,0,0,0,0,0,1,1,0,1,1,0,0,0,0,1,1,1,0,0,0,0,0,1,0,1,0,1,1,1,1,1,1,0,0,1,0","0,0,0,0,0,0,0,0,1,0,0,0,0,0,0,0,0,0,0,0,0,0,0,0,0,0,0,0,0,0,0,0,0,0,0,0,0,0,0,0,0,0,0,0,0,0,0,0,0,0,0,0,0,0,0,0,0,0,0,0,0,0,0,0,0,0,0,0,0,0,0,0,0,0,0,0,0,0","0,0,0,0,0,0,0,0,0,0,0,0,0,0,0,0,0,0,0,0,0,0,0,0,0,0,0,0,0,0,0,0,0,0,0,0,0,0,0,0,0,0,0,0,0,0,0,0,0,0,0,0,0,0,0,0,0,0,0,0,0,0,0,0,0,0,0,0,0,0,0,0,0,0,0,0,0,0","0,0,0,0,0,0,0,0,0,0,0,0,0,0,0,0,0,0,0,0,0,0,0,0,0,0,0,0,0,0,0,0,0,0,0,0,0,0,0,0,0,0,0,0,0,0,0,0,0,0,0,0,0,0,0,0,0,0,0,0,0,0,0,0,0,0,0,0,0,0,0,0,0,0,0,0,0,0","0,0,0,0,0,0,0,0,0,0,0,0,0,0,0,0,0,0,0,0,0,0,0,0,0,0,0,0,0,0,0,0,0,0,0,0,0,0,0,0,0,0,0,0,0,0,0,0,0,0,0,0,0,0,0,0,0,0,0,0,0,0,0,0,0,0,0,0,0,0,0,0,0,0,0,0,0,0","0,0,0,0,0,0,0,0,0,0,0,0,0,0,0,0,0,0,0,0,0,0,0,0,0,0,0,0,0,0,0,0,0,0,0,0,0,0,0,0,0,0,0,0,0,0,0,0,0,0,0,0,0,0,0,0,0,0,0,0,0,0,0,0,0,0,0,0,0,0,0,0,0,0,0,0,0,0","1,1,1,1,0,1,0,0,0,0,0,0,1,0,0,0,1,0,1,1,0,1,1,0,1,0,1,0,0,0,0,0,1,0,0,1,0,0,0,0,1,1,0,0,0,0,0,0,1,0,1,1,0,0,0,0,1,1,1,0,0,0,0,0,1,0,1,0,1,1,1,1,1,1,0,0,1,0","72232,9920,12833,61215,1203,10627,4555,5201,11876,962,933,2685,11363,4477,1844,13523,55172,1468,44144,44144,1118,21643,13182,1874,105184,8360,16823,1296,986,926,1493,1849,12342,2502,1287,14415,1289,1072,1515,1896,8097,10077,1234,508,6903,1714,1129,7079,52617,1181,8659,20408,2402,734,1169,2147,11123,11683,146153,2320,3313,2681,5121,1238,10846,3507,18486,1412,335719,284569,17775,11127,12817,10903,5709,628,11594,5003","70600,8866,6233,166601,11840,9700,232880,6133,13400,7966,7100,8433,10760,332533,12300,15344,10800,156433,146200,146200,213866,7200,9541,258451,114120,174360,8080,147840,14133,8966,21983,9133,11511,10300,25866,9800,6166,6800,166440,402206,6566,9400,9700,149640,9100,10960,14266,152966,121760,0,7366,10083,238933,16616,7100,11166,8566,10000,146813,44100,15600,14266,8840,91866,9875,6500,30206,22500,332533,295960,16366,10700,7633,9800,11633,145033,6700,13133","0,0,0,0,0,0,0,0,0,0,0,0,0,0,0,0,0,0,0,0,0,0,0,0,0,0,0,0,0,0,0,0,0,0,0,0,0,0,0,0,0,0,0,0,0,0,0,0,0,0,0,0,0,0,0,0,0,0,0,0,0,0,0,0,0,0,0,0,0,0,0,0,0,0,0,0,0,0","0,0,0,0,0,0,0,0,0,0,0,0,0,0,0,0,0,0,0,0,0,9938,0,0,0,0,0,0,0,0,0,0,0,0,0,0,0,0,0,0,0,0,0,0,0,0,0,0,0,0,0,0,0,0,0,0,0,0,0,0,0,0,0,0,0,0,0,0,0,0,0,0,0,0,0,0,0,0","0,0,0,0,0,0,0,0,0,0,0,0,0,0,0,0,0,0,1,1,0,0,0,0,0,0,0,0,0,0,0,0,0,0,0,0,0,0,0,0,0,0,0,0,0,0,0,0,0,0,0,0,0,0,0,0,0,0,1,0,0,0,0,0,0,0,0,0,0,0,0,0,0,0,0,0,0,0","1,1,1,1,1,1,1,1,1,1,1,1,1,1,1,1,1,4,6,6,1,1,1,1,1,1,1,1,1,1,1,1,1,1,1,1,1,1,1,1,1,1,1,1,1,1,1,1,1,1,1,1,1,6,1,1,1,1,1,1,1,1,1,1,1,1,1,1,1,1,1,1,1,1,1,1,1,1"
8,"171,163,155,92,83,160,50,79,57,11,12,68,67,156,138,93,60,55,197,26,151,62,128,205,19,174","1649416728400,1649416928062,1649429408395,1649429610139,1649492560736,1649492796461,1649494701708,1649514217005,1649515003620,1649566029978,1649598189985,1649598647140,1649651283999,1649654390060,1649665071102,1649685757308,1649686011660,1649740974940,1649941830282,1650026853144,1650027225946,1650081472979,1650204389657,1650345384408,1650462899068,1650542421289","0,0,1,1,1,1,1,0,1,1,0,0,0,1,1,0,1,1,0,1,1,1,1,0,1,0","0,0,0,0,0,0,0,0,0,0,0,0,0,0,0,0,0,0,0,0,0,0,0,0,0,0","0,0,0,0,0,0,0,0,0,0,0,0,0,0,0,0,0,0,0,0,0,0,0,0,0,0","0,0,0,0,0,0,0,0,0,0,0,0,0,0,0,0,0,0,0,0,0,0,0,0,0,0","0,0,0,0,0,0,0,0,0,0,0,0,0,0,0,0,0,0,0,0,0,0,0,0,0,0","0,0,0,0,0,0,0,0,0,0,0,0,0,0,0,0,0,0,0,0,0,0,0,0,0,0","0,0,1,1,1,0,1,1,1,1,0,0,0,1,1,0,1,1,0,1,0,1,1,0,1,0","6429,3695,17038,28890,170578,8143,11008,5328,8001,11705,5180,4580,2301,231348,17227,6124,41950,31448,1365,21151,8868,16556,88290,2878,32666,318","8500,51580,12920,17300,165240,435900,10800,5433,6233,8100,112280,11250,7600,235166,12300,35933,258451,0,11733,8766,10960,9541,110740,11400,22500,6500","0,0,0,0,0,0,0,0,0,0,0,0,0,0,0,0,0,0,0,0,0,0,0,0,0,0","0,0,0,0,0,0,0,0,0,0,0,0,0,0,0,0,0,0,0,0,0,0,0,0,0,0","0,0,0,0,0,0,0,0,0,0,0,0,0,0,0,0,0,0,0,0,0,0,0,0,0,0","1,1,1,1,1,1,1,1,1,1,1,1,1,1,1,4,4,1,1,1,1,1,1,1,1,1"
11,"16,216,14,101,103,188,86,159,191,47,92,17,202,142,143,228,176,0,62,64,59,9,154,129,209,204,19,141,61,174,218,80","1649419876112,1649665046168,1649742705901,1649744954455,1649745692915,1649746074268,1649750038860,1649750613170,1649751053920,1649752020651,1649752020651,1649923021354,1649923382079,1649923797224,1649925527879,1650013840835,1650099478623,1650099559143,1650111010688,1650116270582,1650176695424,1650199592353,1650201966151,1650263011388,1650275750571,1650288317330,1650375713004,1650376473137,1650431403317,1650460741967,1650518043010,1650533578518","1,1,1,1,0,1,1,1,1,0,1,1,0,1,1,0,1,1,1,1,1,1,0,1,0,0,1,0,1,0,0,1","0,0,0,0,0,0,0,0,0,0,0,0,0,0,0,0,0,0,0,0,0,0,0,0,0,0,0,0,0,0,0,0","0,0,0,0,0,0,0,0,0,0,0,0,0,0,0,0,0,0,0,0,0,0,0,0,0,0,0,0,0,0,0,0","0,0,0,0,0,0,0,0,0,0,0,0,0,0,0,0,0,0,0,0,0,0,0,0,0,0,0,0,0,0,0,0","0,0,0,0,0,1,0,0,0,0,0,0,0,0,0,0,0,0,0,0,0,0,0,0,0,0,0,0,0,0,0,0","0,0,0,0,0,0,0,0,0,0,0,0,0,0,0,0,0,0,0,0,0,0,0,0,0,0,0,0,0,0,0,0","1,1,1,0,0,1,1,1,1,0,0,1,0,1,1,0,1,0,1,1,1,1,0,1,0,0,1,0,1,0,0,1","77447,8767,22552,13301,2123,96130,25042,37618,11592,6157,14121,78877,2507,72293,35348,6334,13632,9168,11474,40757,101816,45291,1959,199556,3216,4561,27751,3130,11653,0,6246,10923","90000,5566,64680,14133,19000,232880,25500,89400,8080,149640,17300,114120,7966,153733,147680,146813,13400,156433,9541,39433,145033,136300,21983,196800,166133,152966,22500,5833,9800,6500,100100,6700","0,0,0,0,0,0,0,0,0,0,0,0,0,0,0,0,0,0,0,0,0,0,0,0,0,0,0,0,0,0,0,0","0,0,0,0,0,0,0,0,0,0,0,0,0,0,0,0,0,0,0,0,0,0,0,0,0,0,0,0,0,0,0,0","0,0,0,0,0,0,0,0,0,0,0,0,0,0,0,0,0,0,0,0,0,0,0,0,0,0,0,0,0,0,0,0","1,1,1,1,1,1,1,1,1,1,1,1,1,1,1,1,1,1,1,1,1,1,1,1,1,1,1,1,1,0,1,1"
12,"96,121,24,159,192,112,144,127,58,6,62,103,30,162,191,88,197,158,152","1649516418841,1649582841838,1649625684807,1649668954870,1649687296248,1649687560457,1649687560457,1649688091031,1649689267533,1649689299260,1649689299260,1649689299260,1649777458335,1649777458335,1649777875235,1649778358922,1649912109214,1649920868113,1649922741491","0,1,1,0,1,0,1,1,1,0,1,0,1,1,0,1,1,1,0","0,0,0,0,0,0,0,0,0,0,0,0,0,0,0,0,0,0,0","0,0,0,0,0,0,0,0,0,0,0,0,0,0,0,0,0,0,0","0,0,0,0,0,0,0,0,0,0,0,0,0,0,0,0,0,0,0","0,0,0,0,0,0,0,0,0,0,0,0,0,0,0,0,0,0,0","0,0,0,0,0,0,0,0,0,0,0,0,0,0,0,0,0,0,0","1,1,1,0,1,0,0,0,0,0,1,0,1,1,0,1,1,0,0","30197,19350,9856,1625,192819,4669,7039,7506,7804,6976,10424,3287,109845,70929,5361,16438,29938,9783,1985","10066,84800,6266,89400,174360,56400,8575,161133,11900,11166,9541,19000,105680,184184,8080,14800,11733,10083,8566","0,0,0,0,0,0,0,0,0,0,0,0,0,0,0,0,0,0,0","2929,0,0,0,0,0,0,0,0,0,0,0,0,6140,0,0,9945,0,0","0,0,0,0,0,0,0,0,0,0,0,0,0,0,0,0,0,0,0","2,1,1,1,1,1,1,1,1,1,1,1,1,1,1,1,1,1,1"
13,"196,39,39,169,176,29,31,94,73,179,134,224,175,64,178,136,84,203,166,49,117","1649429394130,1649476437237,1649493842321,1649493842321,1649518630513,1649552927173,1649555291696,1649572910597,1649573950318,1650016496376,1650016496376,1650021044841,1650031567061,1650073793973,1650074984450,1650077463666,1650098897899,1650116945393,1650164026083,1650164026083,1650167405031","0,0,1,1,1,1,1,1,1,1,1,0,1,1,1,1,1,0,0,1,1","0,0,0,0,0,0,0,0,0,0,0,0,0,0,0,0,0,0,0,0,0","0,0,0,0,0,0,0,0,0,0,0,0,0,0,0,0,0,0,0,0,0","0,0,0,0,0,0,0,0,0,0,0,0,0,0,0,0,0,0,0,0,0","0,0,0,0,0,0,0,0,0,0,0,0,0,0,0,0,0,0,0,0,0","0,0,0,0,0,0,0,0,0,0,0,0,0,0,0,0,0,0,0,0,0","0,0,0,1,1,1,1,1,1,1,1,0,1,1,1,1,1,0,0,0,1","0,0,864,189804,14872,253802,22795,79183,39363,7673,12104,5374,68763,41305,16118,32775,18498,2356,5273,8848,17088","59600,8866,8866,189560,13400,251200,6966,79566,38433,6166,10500,147840,67000,39433,14900,232382,7583,13283,18720,11480,10233","0,0,0,0,0,0,0,0,0,0,0,0,0,0,0,0,0,0,0,0,0","0,0,0,0,0,0,0,0,0,0,0,0,0,0,0,0,0,0,0,0,0","0,0,0,1,0,1,1,0,0,0,0,0,0,0,0,0,0,0,0,0,0","0,0,1,1,1,1,1,1,1,1,1,1,1,1,1,1,1,1,1,1,1"
14,"155,113,113,24,55,124,28,34,163,205,151,166,170,87,125,133,150,147,181","1649419624601,1649501417340,1649501504302,1649502873612,1649678837927,1649936853673,1649938111241,1650035844430,1650112192652,1650164309436,1650173058929,1650183610934,1650197052029,1650277198071,1650277446939,1650280764368,1650364849791,1650365764889,1650368024617","0,1,1,0,0,1,0,0,0,0,1,1,0,1,1,1,1,0,0","0,0,0,0,0,0,0,0,0,0,0,0,0,0,0,0,0,0,0","0,0,0,0,0,0,0,0,0,0,0,0,0,0,0,0,0,0,0","0,0,0,0,0,0,0,0,0,0,0,0,0,0,0,0,0,0,0","0,0,0,0,0,0,0,0,0,0,0,0,0,0,0,0,0,0,0","0,0,0,0,0,0,0,0,0,0,0,0,0,0,0,0,0,0,0","0,1,0,0,0,1,0,0,0,0,1,1,0,1,1,1,1,0,0","3562,47616,0,1764,1537,16275,3537,1536,4135,1101,12150,23642,1161,7804,17403,7990,9508,6152,4489","12920,166601,166601,6266,0,6033,9700,300800,51580,11400,10960,18720,29640,6700,8840,7800,8566,13433,48920","0,0,0,0,0,0,0,0,0,0,0,0,0,0,0,0,0,0,0","0,0,0,0,0,0,0,0,0,0,0,0,0,0,0,0,0,0,0","0,0,0,0,0,0,0,0,0,0,0,0,0,0,0,0,0,0,0","1,1,0,1,1,1,1,1,1,1,1,1,1,1,1,1,1,1,1"
15,"146,108,215,68,51,208,190,203,1,145,1,110,10,71,116,30,7,47,159,51,118,118,2,93,20,175,105,167,41,152,73,131,148,219,44,76,206,17,69,87,186,149,33","1649411749037,1649423359375,1649529599217,1649593726045,1649605447546,1649623420403,1649674404011,1649684892749,1649686700914,1649691108411,1649700731686,1649761331277,1649764079399,1649765103923,1649765202424,1649765311356,1649765707866,1649766159339,1649766159339,1649767639997,1649776303794,1649777160453,1649783596739,1649784987107,1649851481674,1649851932828,1649863001883,1649878288639,1649935342931,1649939205814,1649966394911,1650051971143,1650105896753,1650106562073,1650108481054,1650111884771,1650112629019,1650223188620,1650223265541,1650315016169,1650450067430,1650484405474,1650538589640","1,0,0,1,0,0,1,1,0,1,0,1,1,1,1,1,1,1,1,1,0,0,0,0,1,1,1,1,1,0,1,1,1,1,1,0,0,0,0,0,1,0,1","0,0,0,0,0,0,0,0,0,0,0,0,0,0,0,0,0,0,0,0,0,0,0,0,0,0,0,0,0,0,0,0,0,0,0,0,0,0,0,0,0,0,0","0,0,0,0,0,0,0,0,0,0,0,0,0,0,0,0,0,0,0,0,0,0,0,0,0,0,0,0,0,0,0,0,0,0,0,0,0,0,0,0,0,0,0","0,0,0,0,0,0,0,0,0,0,0,0,0,0,0,0,0,0,0,0,0,0,0,0,0,0,0,0,0,0,0,0,0,0,1,0,0,0,0,0,0,0,0","0,0,0,0,0,0,0,0,0,0,0,0,0,0,0,0,0,0,0,0,0,0,0,0,0,0,0,0,0,0,0,0,0,0,0,0,0,0,0,0,0,0,0","0,0,0,0,0,0,0,0,0,0,0,0,0,0,0,0,0,0,0,0,0,0,0,0,0,0,0,0,0,0,0,0,0,0,0,0,0,0,0,0,0,0,0","1,0,0,1,0,0,1,0,0,1,0,1,1,1,0,1,0,1,1,1,0,0,0,0,1,1,1,1,1,0,0,0,1,1,0,0,0,0,0,0,1,0,0","14514,498,6466,12580,0,6752,26081,11649,0,24428,0,27688,10351,24637,15944,36246,16234,29413,25928,10170,0,0,1164,1391,58900,67914,13383,31932,7826,723,10173,9598,119555,144416,17794,1779,1470,1334,2232,4361,35812,1631,1087","9700,15000,7100,11250,9133,73833,8451,13283,25933,62360,25933,26333,9400,24896,64083,105680,104400,149640,89400,9133,10600,10600,0,35933,125680,67000,11166,30883,6816,8566,38433,113566,120300,295960,65383,8400,61200,114120,63566,6700,16616,10533,13133","0,0,0,0,0,0,0,0,0,0,0,0,0,0,0,0,0,0,0,0,0,0,0,0,0,0,0,0,0,0,0,0,0,0,0,0,0,0,0,0,0,0,0","0,0,0,0,0,0,6627,0,0,3038,0,0,0,0,0,0,0,0,0,0,0,0,0,0,3550,0,0,0,0,0,0,3587,3460,0,13504,0,0,0,0,0,18451,0,0","0,0,0,0,0,0,0,0,0,0,0,0,0,0,0,0,0,0,0,0,0,0,0,0,0,0,0,0,0,0,0,0,0,0,0,0,0,0,0,0,0,0,0","0,1,1,1,0,1,1,1,0,1,1,1,1,1,1,1,1,1,1,1,1,0,1,1,1,1,1,1,1,1,1,1,1,1,1,1,1,1,1,1,1,1,1"
16,"146,199,211,133,146,76,29,119,94,63,165,13,45,45,6,58,6,192,58,190,68,1,23,191,44,116,88,23,118,118,118,42,42,81,95,175,95,220,127,110,41,178,178,102,228,225,217,148,157,89,177,42,224,117,117,117,59,8,137,204,69,53,122,53,9,92,53,53,87,135,181,173,181,181,173,181,226,173,82,82,226,226,180,90,114,185,72,104,72,108,36,21,111,182","1649416926191,1649499723432,1649499877764,1649511359573,1649517838074,1649556977358,1649580982370,1649581640917,1649582805795,1649582859573,1649582886897,1649593578839,1649593697826,1649593789053,1649664396895,1649664396895,1649669959880,1649670111717,1649672395361,1649673867640,1649679963232,1649683803475,1649742719708,1649754998246,1649761339671,1649761551014,1649762445729,1649762522712,1649770342733,1649770352376,1649771211401,1649773973798,1649789180592,1649846749428,1649847359640,1649849782372,1649849827616,1649858482074,1649858853482,1649860241181,1649931168605,1649932755790,1649933167655,1650020081278,1650020567570,1650022907464,1650030548700,1650109906069,1650112663323,1650116682173,1650117771452,1650120157445,1650120587306,1650122299162,1650122704727,1650122879831,1650162106895,1650194553107,1650194601167,1650198146117,1650203585499,1650204984466,1650205013160,1650205013160,1650205469148,1650208180078,1650209371529,1650210183798,1650279080215,1650362420443,1650365016689,1650365141458,1650366677443,1650367034379,1650367034379,1650367932848,1650367952859,1650375294444,1650377340552,1650379087169,1650381122565,1650382829516,1650383231421,1650387271776,1650520178392,1650524873612,1650525669902,1650533134981,1650533719893,1650533777003,1650536103575,1650536216316,1650547001164,1650554864386","0,0,0,1,1,1,1,1,0,0,0,0,0,0,0,0,1,0,0,0,0,0,0,1,1,1,0,1,0,0,0,0,0,1,0,0,0,1,0,1,0,0,0,0,0,0,0,0,1,1,1,0,0,0,0,0,0,0,0,0,0,0,0,0,1,0,0,0,0,1,0,0,0,0,0,0,0,1,0,0,0,1,0,0,0,0,0,1,0,0,0,1,0,1","0,0,0,0,0,0,0,0,0,0,0,0,0,0,0,0,0,0,0,0,0,0,0,0,0,0,0,0,0,0,0,0,0,0,0,0,0,0,0,0,0,0,0,0,0,0,0,0,0,0,0,0,0,0,0,0,0,0,0,0,0,0,0,0,0,0,0,0,0,0,0,0,0,0,0,0,0,0,0,0,0,0,0,0,0,0,0,0,0,0,0,0,0,1","0,0,0,0,0,0,0,0,0,0,0,0,0,0,0,0,0,0,0,0,0,0,0,0,0,0,0,0,0,0,0,0,0,0,0,0,0,0,0,0,0,0,0,0,0,0,0,0,0,0,0,0,0,0,0,0,0,0,0,0,0,0,0,0,0,0,0,0,0,0,0,0,0,0,0,0,0,0,0,0,0,0,0,0,0,0,0,0,0,0,0,0,0,0","0,0,0,0,0,0,0,0,0,0,0,0,0,0,0,0,0,0,0,0,0,0,0,0,0,0,0,0,0,0,0,0,0,0,0,0,0,0,0,0,0,0,0,0,0,0,0,0,0,0,0,0,0,0,0,0,0,0,0,0,0,0,0,0,0,0,0,0,0,0,0,0,0,0,0,0,0,0,0,0,0,0,0,0,0,0,0,0,0,0,0,0,0,0","0,0,0,0,0,0,0,0,0,0,0,0,0,0,0,0,0,0,0,0,0,0,0,0,0,0,0,0,0,0,0,0,0,0,0,0,0,0,0,0,0,0,0,0,0,0,0,0,0,0,0,0,0,0,0,0,0,0,0,0,0,0,0,0,0,0,0,0,0,0,0,0,0,0,0,0,0,0,0,0,0,0,0,0,0,0,0,0,0,0,0,0,0,0","0,0,0,0,0,0,0,0,0,0,0,0,0,0,0,0,0,0,0,0,0,0,0,0,0,0,0,0,0,0,0,0,0,0,0,0,0,0,0,0,0,0,0,0,0,0,0,0,0,0,0,0,0,0,0,0,0,0,0,0,0,0,0,0,0,0,0,0,0,0,0,0,0,0,0,0,0,0,0,0,0,0,0,0,0,0,0,0,0,0,0,0,0,0","0,0,0,1,1,1,0,1,0,0,0,0,0,0,0,0,1,0,0,0,0,0,0,1,1,0,0,0,0,0,0,0,0,1,0,0,0,1,0,1,0,0,0,0,0,0,0,0,1,1,1,0,0,0,0,0,0,0,0,0,0,0,0,0,1,0,0,0,0,0,0,0,0,0,0,0,0,0,0,0,0,1,0,0,0,0,0,1,0,0,0,1,0,0","0,0,0,8643,25937,10498,15498,8893,587,0,0,0,0,0,0,0,20994,347,3046,0,1112,1986,0,11381,33078,9359,0,12891,0,0,6692,0,0,12658,0,0,0,9845,0,28042,0,0,6522,0,1384,0,0,0,28547,22305,65991,998,4174,0,0,0,2341,0,0,4854,0,0,0,0,30793,2377,0,0,0,5743,0,0,2510,0,0,4743,0,8320,0,1578,0,31224,0,0,0,0,0,16247,648,501,0,10498,0,9550","9700,13666,143533,7800,9700,8400,251200,8000,79566,7100,12600,19566,51133,51133,11166,11900,11166,174360,11900,8451,11250,25933,14266,8080,65383,64083,14800,14266,10600,10600,10600,123366,123366,9800,25866,67000,25866,8966,161133,26333,6816,14900,14900,193800,146813,7366,10750,120300,24700,16000,44100,123366,147840,10233,10233,10233,145033,12266,36835,152966,63566,11000,11766,11000,136300,17300,11000,11000,6700,7400,48920,18700,48920,48920,18700,48920,30206,18700,13100,13100,30206,30206,91866,34333,16366,22166,84233,10700,84233,15000,126100,9208,8966,14666","0,0,0,0,0,0,0,0,0,0,0,0,0,0,0,0,0,0,0,0,0,0,0,0,0,0,0,0,0,0,0,0,0,0,0,0,0,0,0,0,0,0,0,0,0,0,0,0,0,0,0,0,0,0,0,0,0,0,0,0,0,0,0,0,0,0,0,0,0,0,0,0,0,0,0,0,0,0,0,0,0,0,0,0,0,0,0,0,0,0,0,0,0,0","0,0,0,0,10260,0,0,0,0,0,0,0,0,0,0,0,7097,0,0,0,0,0,0,0,0,0,0,0,0,0,0,0,0,0,0,0,0,0,0,0,0,0,0,0,0,0,0,0,6634,2015,18747,0,0,0,0,0,0,0,0,0,0,0,0,0,0,0,0,0,0,0,0,0,0,0,0,0,0,0,0,0,0,0,0,0,0,0,0,2362,0,0,0,0,0,0","0,0,0,0,0,0,0,0,0,0,0,0,0,0,0,0,0,0,0,0,0,0,0,0,1,0,0,0,0,0,0,0,0,0,0,0,0,0,0,0,0,0,0,0,0,0,0,0,1,1,0,0,0,0,0,0,0,0,0,0,0,0,0,0,0,0,0,0,0,0,0,0,0,0,0,0,0,0,0,0,0,0,0,0,0,0,0,0,0,0,0,0,0,0","0,0,0,4,4,1,4,4,1,0,0,0,4,0,0,0,1,1,1,0,1,1,0,1,0,4,0,4,1,0,1,0,0,1,0,0,4,4,0,4,0,0,4,0,4,4,0,0,1,1,1,1,1,1,4,0,1,0,0,1,0,4,0,0,4,4,1,4,0,0,0,0,1,1,1,1,0,1,1,1,1,4,0,0,0,0,0,1,1,1,0,4,0,0"
17,"48,155,140,39,113,100,57,43,63,156,83,0,221,120,139,112,60,86,187,129,73,16,224,22,159,144,14,106,34,197,30,166,122,172,40,103,66,177,174,150,61,36,80,33,201","1649416469240,1649419854529,1649420789077,1649514240142,1649514449571,1649514963903,1649594117758,1649595084585,1649597719688,1649646519162,1649646813639,1649657750057,1649662099152,1649662789153,1649663441963,1649663441963,1649675288674,1649677609930,1649680673274,1649681713959,1649681713959,1649682258305,1649735191206,1649761856148,1649764534684,1649764861648,1649765274026,1649765569749,1649770619221,1649933456620,1649933995340,1650176007351,1650215259537,1650215336706,1650215845436,1650259603377,1650287530089,1650338239827,1650365112518,1650369151856,1650370319339,1650544669989,1650544669989,1650545275978,1650545275978","0,1,0,1,1,1,1,0,1,1,1,0,1,1,0,1,1,1,1,0,1,0,1,0,1,1,1,0,0,0,0,1,1,1,0,1,0,1,1,1,1,0,0,0,1","0,0,0,0,0,0,0,0,0,0,0,0,0,0,0,0,0,0,0,0,0,0,0,0,0,0,0,0,0,0,0,0,0,0,0,0,0,0,0,0,0,0,0,0,0","0,0,0,0,0,0,0,0,0,0,0,0,0,0,0,0,0,0,0,0,0,0,0,0,0,0,0,0,0,0,0,0,0,0,0,0,0,0,0,0,0,0,0,0,0","0,0,0,0,0,0,0,0,0,0,0,0,0,0,0,0,0,0,0,0,0,0,0,0,0,0,0,0,0,0,0,0,0,0,0,0,0,0,0,0,0,0,0,0,0","0,0,0,0,0,0,0,0,0,0,0,0,0,0,0,0,0,0,0,0,0,0,0,0,0,0,0,0,0,0,0,0,0,0,0,0,0,0,0,0,0,0,0,0,0","0,0,0,0,0,0,0,0,0,0,0,0,0,0,0,0,0,0,0,0,0,0,0,0,0,0,0,0,0,0,0,0,0,0,0,0,0,0,0,0,0,0,0,0,0","0,1,0,1,0,1,1,0,1,1,1,0,1,1,0,1,1,0,1,0,1,0,1,0,1,1,1,0,0,0,0,1,1,1,0,1,0,1,1,1,1,0,0,0,1","2033,29378,1176,10406,16313,22542,19894,1609,10380,21129,154605,108,22840,43831,2317,67467,220182,8881,333740,3568,40504,1667,111713,1042,92249,13183,51281,2223,2680,4964,1208,19685,46030,12438,1688,30284,1626,44995,11442,10252,22923,3592,4895,4362,11430","8366,12920,19700,8866,166601,11840,6233,166440,7100,235166,165240,156433,7760,46966,222133,56400,258451,25500,332533,196800,38433,90000,147840,10300,89400,8575,64680,402206,300800,11733,105680,18720,11766,7466,189600,19000,476442,44100,6500,8566,9800,126100,6700,13133,5000","0,0,0,0,0,0,0,0,0,0,0,0,0,0,0,0,0,0,0,0,0,0,0,0,0,0,0,0,0,0,0,0,0,0,0,0,0,0,0,0,0,0,0,0,0","0,0,0,0,0,0,0,0,0,0,0,0,0,0,0,0,0,0,0,0,0,0,0,0,0,0,0,0,0,0,0,0,0,0,0,0,0,0,0,0,0,0,0,0,0","0,0,0,0,0,0,0,0,0,0,0,0,0,0,0,0,0,0,0,0,0,0,0,0,0,0,0,0,0,0,0,0,0,0,0,0,0,0,0,0,0,0,0,0,0","1,1,1,1,1,1,1,1,1,1,1,1,1,1,1,1,1,1,1,1,1,1,1,1,1,1,1,1,1,1,1,1,1,1,1,1,1,1,1,2,2,1,1,1,1"
18,"126,126,126,13,206,58,2,2,23,184,51,118,110,199,148,53,38,71,7,8,181,180,69,114,185,78,78,78,78","1649421141470,1649421150372,1649421158397,1649427883674,1649678386911,1649678851416,1649685975709,1649690422901,1649753574998,1649757411989,1649768458354,1649768458354,1649771483156,1650095276460,1650203833638,1650205208411,1650224483356,1650227455589,1650285588663,1650293333490,1650364700858,1650432076775,1650468311814,1650530718837,1650533264488,1650551233760,1650551451305,1650551474346,1650551518785","0,0,0,0,0,0,0,0,0,0,0,0,1,0,0,1,0,1,1,0,0,0,0,0,0,0,0,0,0","0,0,0,0,0,0,0,0,0,0,0,0,0,0,0,0,0,0,0,0,0,0,0,0,0,0,0,0,0","0,0,0,0,0,0,0,0,0,0,0,0,0,0,0,0,0,0,0,0,0,0,0,0,0,0,0,0,0","0,0,0,0,0,0,0,0,0,0,0,0,0,0,0,0,0,0,0,0,0,0,0,0,0,0,0,0,0","0,0,0,0,0,0,0,0,0,0,0,0,0,0,0,0,0,0,0,0,0,0,0,0,0,0,0,0,0","0,0,0,0,0,0,0,0,0,0,0,0,0,0,0,0,0,0,0,0,0,0,0,0,0,0,0,0,0","0,0,0,0,0,0,0,0,0,0,0,0,1,0,0,1,0,1,1,0,0,0,0,0,0,0,0,0,0","0,0,0,0,0,0,0,0,0,0,0,0,37072,0,0,18936,0,47005,33588,0,0,0,0,0,0,0,0,0,0","46800,46800,46800,19566,61200,11900,0,0,14266,213866,9133,10600,26333,13666,120300,11000,10000,24896,104400,12266,48920,91866,63566,16366,22166,113766,113766,113766,113766","0,0,0,0,0,0,0,0,0,0,0,0,0,0,0,0,0,0,0,0,0,0,0,0,0,0,0,0,0","0,0,0,0,0,0,0,0,0,0,0,0,7104,0,0,14837,0,19480,2491,0,0,0,0,0,0,0,0,0,0","0,0,0,0,0,0,0,0,0,0,0,0,1,0,0,1,0,0,0,0,0,0,0,0,0,0,0,0,0","0,0,0,0,0,0,0,1,0,0,0,0,4,0,0,0,0,4,1,0,0,0,0,0,0,0,0,0,0"
19,"132,79,128,214,156,74,20,124,193,193,187,218","1649424960569,1649508728877,1649597347885,1649597587490,1649654608804,1649844751063,1649859810022,1649945597981,1650115081950,1650115543483,1650116503539,1650516139772","1,0,0,0,1,1,0,1,1,1,0,1","0,0,0,0,0,0,0,0,0,0,0,0","0,0,0,0,0,0,0,0,0,0,0,0","0,0,0,0,0,0,0,0,0,0,0,0","0,0,0,0,0,0,0,0,0,0,0,0","0,0,0,0,0,0,0,0,0,0,0,0","1,0,0,0,1,1,0,1,0,1,0,1","188085,4937,3905,3207,27104,7981,3109,9044,0,37376,3280,99802","285980,5433,110740,11100,235166,6566,125680,6033,17950,17950,332533,100100","0,0,0,0,0,0,0,0,0,0,0,0","0,0,0,0,0,0,0,0,0,0,0,0","0,0,0,0,0,0,0,0,0,0,0,0","1,1,1,1,1,1,1,1,1,1,1,1"
20,"108,73,146,195,202,123,123,211,123,24,100,221,43,0,27,11,32,45,153,3,3,155,176,207,63,187,25,207,216,18,76,160,12,86,93,144,95,47,28,15,17,15,23,142,204,142,142,158,35,21,219,8,77,166,172,228,66,199,9,125,150,151,174,135,186,19,226,61,182,114,72,194,104,98,185,201,111,201,162","1649398783773,1649399055711,1649418410591,1649418488634,1649420805464,1649420903431,1649421547864,1649421650462,1649421925401,1649512254376,1649512339685,1649569670794,1649582952657,1649591068319,1649591112190,1649591354606,1649591354606,1649591753337,1649591954772,1649598844109,1649599263591,1649599410540,1649599668405,1649648939777,1649652824838,1649652939104,1649654727167,1649661692499,1649661807621,1649661951322,1649663930097,1649665307294,1649674468168,1649674863779,1649675592309,1649678083292,1649847469700,1649847469700,1649847558754,1649852233264,1649852317208,1649852555654,1649856947294,1649862765803,1649862853266,1649863184423,1649863973865,1649913021190,1650107183510,1650165393349,1650176596752,1650196010240,1650202705686,1650204408879,1650204612961,1650205031214,1650205363644,1650205390633,1650205490634,1650336876337,1650344605711,1650347402369,1650370497149,1650371069295,1650371069295,1650371573018,1650372251910,1650372578353,1650382837145,1650519137184,1650520222494,1650535105527,1650535145232,1650537350684,1650539500261,1650543457295,1650543538344,1650543822961,1650545025754","0,1,0,1,0,1,1,1,1,1,1,0,0,0,0,1,1,0,0,1,1,0,0,0,1,1,1,0,1,0,1,0,0,0,0,0,1,0,0,0,0,0,0,0,0,0,0,1,1,1,1,1,1,1,0,0,1,0,0,1,0,1,1,1,1,1,0,1,0,1,1,1,1,1,1,0,1,0,0","0,0,0,0,0,0,0,0,0,0,0,0,0,0,0,0,0,0,0,0,0,0,0,0,0,0,0,1,0,0,0,0,0,0,0,0,0,0,0,0,0,0,0,0,0,0,0,0,0,0,0,0,0,0,0,0,0,0,0,0,0,0,0,0,0,0,0,0,0,0,0,0,0,0,0,0,0,0,0","0,0,0,0,0,0,0,0,0,0,0,0,0,0,0,0,0,0,0,0,0,0,0,0,0,0,0,0,0,0,0,0,0,0,0,0,0,0,0,0,0,0,0,0,0,0,0,0,0,0,0,0,0,0,0,0,0,0,0,0,0,0,0,0,0,0,0,0,0,0,0,0,0,0,0,0,0,0,0","0,0,0,0,0,0,0,0,0,0,0,0,0,0,0,0,0,0,0,0,0,0,0,0,0,0,0,0,0,0,0,0,0,0,0,0,0,0,0,0,0,0,0,0,0,0,0,0,0,0,0,0,0,0,0,0,0,0,0,0,0,0,0,0,0,0,0,0,0,0,0,0,0,0,0,0,0,0,0","0,0,0,0,0,0,0,0,0,0,0,0,0,0,0,0,0,0,0,0,0,0,0,0,0,0,0,0,0,0,0,0,0,0,0,0,0,0,0,0,0,0,0,0,0,0,0,0,0,0,0,0,0,0,0,0,0,0,0,0,0,0,0,0,0,0,0,0,0,0,0,0,0,0,0,0,0,0,0","0,0,0,0,0,0,0,0,0,0,0,0,0,0,0,0,0,0,0,0,0,0,0,0,0,0,0,0,0,0,0,0,0,0,0,0,0,0,0,0,0,0,0,0,0,0,0,0,0,0,0,0,0,0,0,0,0,0,0,0,0,0,0,0,0,0,0,0,0,0,0,0,0,0,0,0,0,0,0","0,1,0,1,0,0,0,1,0,1,1,0,0,0,0,1,1,0,0,0,1,0,0,0,1,0,1,0,1,0,1,0,0,0,0,0,0,0,0,0,0,0,0,0,0,0,0,1,1,0,1,0,1,1,0,0,1,0,0,1,0,0,1,1,1,0,0,1,0,0,0,1,1,1,1,0,1,0,0","1649,27204,5701,12785,2056,0,0,36882,10456,27217,36058,37,1583,143,4845,11283,12875,1644,1839,0,45157,6610,1711,0,8360,14986,16277,2757,10499,2854,20991,6715,2209,2419,1407,2877,8143,1663,1339,0,1297,4068,6670,0,5036,0,0,17954,31843,8660,27450,10339,26706,19743,5661,2440,20523,2516,1647,9098,3768,8596,12895,7542,17925,15392,4538,10006,3656,15307,7252,13319,10687,12205,23499,0,9325,1239,3505","15000,38433,9700,11366,7966,238933,238933,143533,238933,6266,11840,7760,166440,156433,13540,8100,11511,51133,46100,108433,108433,12920,13400,12766,7100,332533,15700,12766,5566,7200,8400,435900,112280,25500,35933,8575,25866,149640,9700,5655,114120,5655,14266,153733,152966,153733,153733,10083,15600,9208,295960,12266,14266,18720,7466,146813,476442,13666,136300,8840,8566,10960,6500,7400,16616,22500,30206,9800,14666,16366,84233,5827,10700,10700,22166,5000,8966,5000,184184","0,0,0,0,0,0,0,0,0,0,0,0,0,0,0,0,0,0,0,0,0,0,0,0,0,0,0,0,0,0,0,0,0,0,0,0,0,0,0,0,0,0,0,0,0,0,0,0,0,0,0,0,0,0,0,0,0,0,0,0,0,0,0,0,0,0,0,0,0,0,0,0,0,0,0,0,0,0,0","0,0,0,0,0,0,0,0,0,0,0,0,0,0,0,0,0,0,0,0,0,0,0,0,0,0,0,0,0,0,0,0,0,0,0,0,0,0,0,0,0,0,0,0,0,0,0,0,3231,0,0,0,0,0,0,0,0,0,0,0,0,0,0,0,0,0,0,0,0,0,0,0,0,0,0,0,0,0,0","0,0,0,0,0,0,0,0,0,0,0,0,0,0,0,0,0,0,0,0,0,0,0,0,0,0,0,0,0,0,0,0,0,0,0,0,0,0,0,0,0,0,0,0,0,0,0,0,0,0,0,0,0,0,0,0,0,0,0,0,0,0,0,0,0,0,0,0,0,0,0,0,0,0,0,0,0,0,0","1,1,1,1,1,1,1,1,1,1,1,1,1,1,1,1,1,1,1,1,4,4,4,0,1,1,1,1,1,1,1,1,1,1,1,1,1,1,1,1,1,1,1,1,1,0,4,1,1,1,1,1,1,1,1,1,1,1,1,1,1,1,1,1,1,1,1,1,1,1,1,1,1,1,1,1,1,1,1"
21,"195,37,108,155,100,99,168,113,209,73,208,171,56,76,214,160,107,139,32,128,67,45,7,11,83,51,164,25,227,2,58,138,153,216,58,93,27,62,213,192,115,190,106,159,129,184,20,88,145,162,162,16,220,47,109,28,70,95,95,225,15,42,200,210,143,89,198,193,71,49,134,105,102,66,182,217,161,26,22,97,131,167,204,122,8,40,137,149,197,10,177,77,69,87,147,186,19,183,130,85,114,104,33,72","1649404296017,1649404365083,1649405783912,1649424306300,1649507764768,1649512428046,1649512541744,1649512623824,1649512651082,1649513407225,1649513692834,1649513754593,1649548409087,1649557394597,1649557405389,1649557785979,1649564677239,1649598440910,1649598448193,1649598448193,1649598798434,1649599105189,1649599336317,1649599346299,1649649008954,1649649360403,1649656647470,1649656740050,1649656804494,1649668016117,1649668016117,1649668016117,1649668137713,1649668253862,1649668339169,1649668451740,1649672698290,1649672830928,1649674584581,1649674599325,1649674688709,1649684723448,1649685226578,1649686719597,1649732193320,1649737161243,1649769490391,1649769502676,1649769562651,1649769585497,1649770263960,1649771041575,1649771649970,1649772200515,1649773738892,1649849137340,1649849179046,1649858851963,1649859267024,1649939569288,1649939569288,1649942404947,1649942443353,1650014383514,1650022194452,1650022451936,1650022451936,1650022460642,1650022623262,1650023104506,1650023104506,1650023724613,1650023744601,1650024075926,1650108451760,1650108481519,1650108481519,1650108490914,1650108554558,1650114430636,1650114527782,1650196682997,1650200144350,1650200377910,1650202893445,1650203223933,1650203680878,1650203714882,1650203777302,1650204018317,1650204067013,1650208365283,1650289761654,1650289761654,1650372527751,1650372527751,1650376316273,1650376316273,1650376478101,1650376770210,1650547852707,1650547852707,1650547992123,1650548002864","0,0,0,0,0,0,0,0,0,1,0,0,0,0,0,0,0,0,0,0,0,0,0,1,0,0,1,1,0,0,0,1,0,0,0,0,1,0,0,0,0,0,0,0,0,0,0,0,0,0,0,0,0,1,0,0,0,1,1,0,0,1,0,0,0,0,0,0,0,0,1,0,0,0,0,0,0,0,0,1,0,0,0,0,0,0,0,0,0,0,0,1,0,0,0,0,0,0,1,0,1,0,0,0","0,0,0,0,0,0,0,0,0,0,0,0,0,0,0,0,0,0,0,0,0,0,0,0,0,0,0,0,0,0,0,0,0,0,0,0,0,0,0,0,0,0,0,0,0,0,0,0,0,0,0,0,0,0,0,0,0,0,0,0,0,0,0,0,0,0,0,0,0,0,0,0,0,0,0,0,0,0,0,0,0,0,0,0,0,0,0,0,0,0,0,0,0,0,0,0,0,0,0,0,0,0,0,0","0,0,0,0,0,0,0,0,0,0,0,0,0,0,0,0,0,0,0,0,0,0,0,0,0,0,0,0,0,0,0,0,0,0,0,0,0,0,0,0,0,0,0,0,0,0,0,0,0,0,0,0,0,0,0,0,0,0,0,0,0,0,0,0,0,0,0,0,0,0,0,0,0,0,0,0,0,0,0,0,0,0,0,0,0,0,0,0,0,0,0,0,0,0,0,0,0,0,0,0,0,0,0,0","0,0,0,0,0,0,0,0,0,0,0,0,0,0,0,0,0,0,0,0,0,0,0,0,0,0,0,0,0,0,0,0,0,0,0,0,0,0,0,0,0,0,0,0,0,0,0,0,0,0,0,0,0,0,0,0,0,0,0,0,0,0,0,0,0,0,0,0,0,0,0,0,0,0,0,0,0,0,0,0,0,0,0,0,0,0,0,0,0,0,0,0,0,0,0,0,0,0,0,0,0,0,0,0","0,0,0,0,0,0,0,0,0,0,0,0,0,0,0,0,0,0,0,0,0,0,0,0,0,0,0,0,0,0,0,0,0,0,0,0,0,0,0,0,0,0,0,0,0,0,0,0,0,0,0,0,0,0,0,0,0,0,0,0,0,0,0,0,0,0,0,0,0,0,0,0,0,0,0,0,0,0,0,0,0,0,0,0,0,0,0,0,0,0,0,0,0,0,0,0,0,0,0,0,0,0,0,0","0,0,0,0,0,0,0,0,0,0,0,0,0,0,0,0,0,0,0,0,0,0,0,0,0,0,0,0,0,0,0,0,0,0,0,0,0,0,0,0,0,0,0,0,0,0,0,0,0,0,0,0,0,0,0,0,0,0,0,0,0,0,0,0,0,0,0,0,0,0,0,0,0,0,0,0,0,0,0,0,0,0,0,0,0,0,0,0,0,0,0,0,0,0,0,0,0,0,0,0,0,0,0,0","0,0,0,0,0,0,0,0,0,1,0,0,0,0,0,0,0,0,0,0,0,0,0,1,0,0,1,1,0,0,0,1,0,0,0,0,0,0,0,0,0,0,0,0,0,0,0,0,0,0,0,0,0,1,0,0,0,0,0,0,0,0,0,0,0,0,0,0,0,0,1,0,0,0,0,0,0,0,0,0,0,0,0,0,0,0,0,0,0,0,0,1,0,0,0,0,0,0,1,0,0,0,0,0","831,1393,526,155,1304,6649,3184,4242,1049,51418,1200,1093,2999,1097,1003,1385,6496,1292,1478,1239,994,1077,2054,20562,1044,942,16066,21353,5568,5119,0,14282,915,1113,4168,1037,7115,882,832,4111,1602,744,1008,1422,1063,2457,2970,588,769,0,840,601,634,85196,764,857,756,0,13420,1168,1056,7155,1420,0,2279,642,665,3325,814,969,28774,300,1375,1450,4936,710,831,849,1532,8250,1236,1248,4168,756,4713,773,1006,963,1448,884,853,15180,862,1821,1078,965,1420,1046,14513,1782,11695,1467,1102,1047","11366,70600,15000,12920,11840,12833,62720,166601,166133,38433,73833,8500,91680,8400,11100,435900,8433,222133,11511,110740,7600,51133,104400,8100,165240,9133,9100,15700,20500,0,11900,12300,46100,5566,11900,35933,13540,9541,34200,174360,11616,8451,402206,89400,196800,213866,125680,14800,62360,184184,184184,90000,8966,149640,39816,9700,6800,25866,25866,7366,5655,123366,121760,147280,147680,16000,14466,17950,24896,11480,10500,11166,193800,476442,14666,10750,27233,8766,10300,9466,113566,30883,152966,11766,12266,189600,36835,10533,11733,9400,44100,14266,63566,6700,13433,16616,22500,276300,9875,10700,16366,10700,13133,84233","0,0,0,0,0,0,0,0,0,0,0,0,0,0,0,0,0,0,0,0,0,0,0,0,0,0,0,0,0,0,0,0,0,0,0,0,0,0,0,0,0,0,0,0,0,0,0,0,0,0,0,0,0,0,0,0,0,0,0,0,0,0,0,0,0,0,0,0,0,0,0,0,0,0,0,0,0,0,0,0,0,0,0,0,0,0,0,0,0,0,0,0,0,0,0,0,0,0,0,0,0,0,0,0","0,0,0,0,0,0,0,0,0,12450,0,0,0,0,0,0,0,0,0,0,0,0,0,0,0,0,0,0,0,0,0,3008,0,0,0,0,0,0,0,0,0,0,0,0,0,0,0,0,0,0,0,0,0,0,0,0,0,0,0,0,0,5069,0,0,0,0,0,0,0,0,15717,0,0,0,0,0,0,0,0,0,0,0,0,0,0,0,0,0,0,0,0,0,0,0,0,0,0,0,0,0,0,0,0,0","0,0,0,0,0,0,0,0,0,0,0,0,0,0,0,0,0,0,0,0,0,0,0,0,0,0,0,0,0,0,0,0,0,0,0,0,0,0,0,0,0,0,0,0,0,0,0,0,0,0,0,0,0,0,0,0,0,0,0,0,0,0,0,0,0,0,0,0,0,0,0,0,0,0,0,0,0,0,0,0,0,0,0,0,0,0,0,0,0,0,0,0,0,0,0,0,0,0,0,0,0,0,0,0","1,1,1,1,1,1,1,1,1,1,1,1,1,1,1,1,1,1,1,1,1,1,1,1,1,1,1,1,1,1,1,1,1,1,1,1,1,1,1,1,1,1,1,1,1,1,1,1,1,1,1,1,1,1,1,1,1,1,1,1,1,1,1,0,1,1,1,1,1,1,1,1,1,1,1,1,1,1,1,1,1,4,1,1,1,1,1,1,1,1,1,1,1,1,1,1,1,1,1,1,1,1,1,1"
22,"112,103,91,60,63,14,55,156,88,71,154,187,220,225,74,32,7,224,171,143,215,22,64,93,205,35,40,9,172,69,101,97,77,183,135,141,31,201,194,54,111,66,80,219","1649588037013,1649670368891,1649682431990,1649682852727,1649682886843,1649685613566,1649737032062,1649740802971,1649770934024,1649771702407,1649771818329,1649773328694,1649773559437,1649931598966,1649933776935,1649943157383,1649943374085,1649943374085,1650019218364,1650020751521,1650030570264,1650030743223,1650115103048,1650118854476,1650171032737,1650196850476,1650200757256,1650200795526,1650203498418,1650203852253,1650203899840,1650205357538,1650282740492,1650293340231,1650375749468,1650376291796,1650519277250,1650542081474,1650542239390,1650543399805,1650544575824,1650546890707,1650548888113,1650550694399","0,0,1,0,0,0,0,0,1,0,0,0,0,1,1,1,1,1,0,0,0,0,0,0,1,0,0,0,0,0,0,0,0,0,1,0,0,0,0,1,1,1,0,1","0,0,0,0,0,0,0,0,0,0,0,0,0,0,0,0,0,0,0,0,0,0,0,0,0,0,0,0,0,0,0,0,0,0,0,0,0,0,0,0,0,0,0,0","0,0,0,0,0,0,0,0,0,0,0,0,0,0,0,0,0,0,0,0,0,0,0,0,0,0,0,0,0,0,0,0,0,0,0,0,0,0,0,0,0,0,0,0","0,0,0,0,0,0,0,0,0,0,0,0,0,0,0,0,0,0,0,0,0,0,0,0,0,0,0,0,0,0,0,0,0,0,0,0,0,0,0,0,0,0,0,0","0,0,0,0,0,0,0,0,0,0,0,0,0,0,0,0,0,0,0,0,0,0,0,0,0,0,0,0,0,0,0,0,0,0,0,0,0,0,0,0,0,0,0,0","0,0,0,0,0,0,0,0,0,0,0,0,0,0,0,0,0,0,0,0,0,0,0,0,0,0,0,0,0,0,0,0,0,0,0,0,0,0,0,0,0,0,0,0","0,0,1,0,0,0,0,0,1,0,0,0,0,0,1,0,1,0,0,0,0,0,0,0,1,0,0,0,0,0,0,0,0,0,1,0,0,0,0,1,1,1,0,1","6813,1613,11955,1197,6724,1755,4818,1948,15802,2385,1362,3852,2324,1122,13236,10678,103555,9363,4350,1917,2692,1403,1403,4431,12566,3435,1186,2259,3410,1213,1393,1279,2805,1658,8757,1746,1581,2539,1362,8512,8434,43234,1501,46602","56400,19000,10760,258451,7100,64680,0,235166,14800,24896,21983,332533,8966,7366,6566,11511,104400,147840,8500,147680,7100,10300,39433,35933,11400,15600,189600,136300,7466,63566,14133,9466,14266,276300,7400,5833,6966,5000,5827,7633,8966,476442,6700,295960","0,0,0,0,0,0,0,0,0,0,0,0,0,0,0,0,0,0,0,0,0,0,0,0,0,0,0,0,0,0,0,0,0,0,0,0,0,0,0,0,0,0,0,0","0,0,0,0,0,0,0,0,0,0,0,0,0,0,0,0,0,0,0,0,0,0,0,0,0,0,0,0,0,0,0,0,0,0,0,0,0,0,0,0,0,0,0,0","0,0,0,0,0,0,0,0,0,0,0,0,0,0,0,0,1,0,0,0,0,0,0,0,0,0,0,0,0,0,0,0,0,0,0,0,0,0,0,0,0,0,0,0","1,1,1,1,1,1,1,1,1,1,1,1,1,1,1,1,1,1,1,1,1,1,1,1,1,1,1,1,1,1,1,1,1,1,1,1,1,1,1,1,1,1,1,1"
23,"212,212,84,178,2,212,10,152,1,145,136,217,167,212,223,143,90,148","1650023467324,1650024826516,1650024840406,1650026500923,1650027943850,1650029574224,1650029701042,1650031249528,1650031511721,1650036241973,1650050056610,1650051383164,1650067242329,1650067300785,1650068251680,1650068251680,1650083118741,1650095797226","0,0,0,0,1,0,1,0,1,0,0,1,0,1,1,1,0,0","0,0,0,0,0,0,0,0,0,0,0,0,0,0,0,0,0,0","0,0,0,0,0,0,0,0,0,0,0,0,0,0,0,0,0,0","0,0,0,0,0,0,0,0,0,0,0,0,0,0,0,0,0,0","0,0,0,0,0,0,0,0,0,0,0,0,0,0,0,0,0,0","0,0,0,0,0,0,0,0,0,0,0,0,0,0,0,0,0,0","0,0,0,0,0,0,0,0,1,0,0,1,0,1,1,0,0,0","0,0,0,0,8696,0,0,4305,18689,0,0,11335,0,25687,104933,10004,4730,0","141166,141166,7583,14900,0,141166,9400,8566,25933,62360,232382,10750,30883,141166,129699,147680,34333,120300","0,0,0,0,0,0,0,0,0,0,0,0,0,0,0,0,0,0","0,0,0,0,0,0,0,0,0,0,0,0,0,0,0,0,0,0","0,0,0,0,0,0,0,0,0,0,0,0,0,0,0,0,0,0","0,4,0,0,1,4,4,1,1,0,1,1,0,4,4,4,1,0"
24,"196,165,206,115,47,30,44,42,41,41,137,168,212,198,102,193,65,200,131,218,72,186","1649446899454,1649511911710,1649587818112,1649650611031,1649759109857,1649759216546,1649764473378,1649782630302,1649929373726,1649964267024,1649967303899,1649967594785,1649968268007,1649968432934,1650035802495,1650077598446,1650288068978,1650302450782,1650303299873,1650517699136,1650517699136,1650523094540","1,0,0,1,0,0,0,1,0,0,0,0,0,0,0,1,0,0,0,0,0,0","0,0,0,0,0,0,0,0,0,0,0,0,0,0,0,0,0,0,0,0,0,0","0,0,0,0,0,0,0,0,0,0,0,0,0,0,0,0,0,0,0,0,0,0","0,0,0,0,0,0,0,0,0,0,0,0,0,0,0,0,0,0,0,0,0,0","0,0,0,0,0,0,0,0,0,0,0,0,0,0,0,0,0,0,0,0,0,0","0,0,0,0,0,0,0,0,0,0,0,0,0,0,0,0,0,0,0,0,0,0","1,0,0,1,0,0,0,1,0,0,0,0,0,0,0,1,0,0,0,0,0,0","60241,0,1709,16412,0,1084,0,124810,0,1590,0,0,0,0,0,18616,0,0,1041,0,0,1056","59600,12600,61200,11616,149640,105680,65383,123366,6816,6816,36835,62720,141166,14466,193800,17950,11633,121760,113566,100100,84233,16616","0,0,0,0,0,0,0,0,0,0,0,0,0,0,0,0,0,0,0,0,0,0","0,0,0,0,0,0,0,0,0,0,0,0,0,0,0,0,0,0,0,0,0,0","0,0,0,0,0,0,0,0,0,0,0,0,0,0,0,0,0,0,0,0,0,0","4,0,1,4,0,4,0,4,0,4,0,0,0,0,0,4,0,0,4,0,0,1"
25,"146,202,202,211,4,96,121,56,139,134,175,178,184,10,95,1,17,224,41,49,204,196,50,81,38,109,145,16,170,34,110","1649421725488,1649424802173,1649424802173,1649472038189,1649552464652,1649557380961,1649563819189,1649588853043,1649595327583,1650008276154,1650008276154,1650008753721,1650008808245,1650009164592,1650009561004,1650010721728,1650015624721,1650015775690,1650021895537,1650025167974,1650025167974,1650035148169,1650066734421,1650068805178,1650080581389,1650095607983,1650104345512,1650119090782,1650197289142,1650203645027,1650204201132","1,0,0,0,1,1,1,0,1,1,0,0,1,1,1,1,1,1,1,1,1,1,1,1,1,0,1,1,0,1,0","0,0,0,0,0,0,0,0,0,0,0,0,0,0,0,0,0,0,0,0,0,0,0,0,0,0,0,0,0,0,0","0,0,0,0,0,0,0,0,0,0,0,0,0,0,0,0,0,0,0,0,0,0,0,0,0,0,0,0,0,0,0","0,0,0,0,0,0,0,0,0,0,0,0,0,0,0,0,0,0,0,0,0,0,0,0,0,0,0,0,0,0,0","0,0,0,0,0,0,0,0,0,0,0,0,0,0,0,0,0,0,0,0,0,0,0,0,0,0,0,0,0,0,0","0,0,0,0,0,0,0,0,0,0,0,0,0,0,0,0,0,0,0,0,0,0,0,0,0,0,0,0,0,0,0","1,0,0,0,1,1,1,0,1,1,0,0,1,1,1,1,1,1,1,0,1,1,1,0,1,0,1,0,0,1,0","10898,1127,1127,1184,7110,18072,88102,3251,161518,15422,325,1377,21799,10588,22978,21090,42014,82277,7792,8813,60353,42757,11775,8584,15588,6097,63527,9533,1239,33940,1768","9700,7966,7966,143533,6133,10066,84800,91680,222133,10500,67000,14900,213866,9400,25866,25933,114120,147840,6816,11480,152966,59600,10800,9800,10000,39816,62360,90000,29640,300800,26333","0,0,0,0,0,0,0,0,0,0,0,0,0,0,0,0,0,0,0,0,0,0,0,0,0,0,0,0,0,0,0","0,0,0,0,0,0,0,0,0,0,0,0,0,0,0,0,0,0,0,0,0,0,0,0,0,0,0,0,0,0,0","0,0,0,0,0,0,0,0,0,0,0,0,0,0,0,0,0,0,0,0,0,0,0,0,0,0,0,0,0,0,0","1,6,6,1,1,1,1,1,1,1,1,1,1,1,1,1,1,1,1,1,1,1,1,1,1,1,1,1,1,1,1"
26,"133,155,199,4,100,29,15,138,160,120,227,213,190,37,171,153,153,25,156,70,70,128,81,56,179,50,91,158,32,182,102,225,131,16,22,205,219,197,147,125,193,61,130,85,55,46,19,164,86,141,105,218,98,54,194,75,80","1649411268750,1649421868431,1649425730545,1649503984378,1649504524879,1649583785841,1649584120764,1649672778874,1649672778874,1649672822762,1649674693777,1649674793036,1649677696568,1649677893012,1649680161579,1649681338203,1649682060962,1649682952348,1649766401524,1649854287020,1649855048625,1649856738177,1649857438175,1649858429226,1649858484774,1649858716551,1649859456730,1649929479525,1650028528618,1650116190715,1650116327325,1650116327325,1650116708355,1650117294762,1650118723228,1650173063893,1650174775700,1650189175207,1650368217646,1650368475924,1650369007763,1650374089907,1650374128255,1650374128255,1650374270693,1650374367000,1650374437758,1650374523724,1650375493958,1650375564289,1650446697540,1650515446856,1650544223059,1650544248280,1650544401740,1650544750393,1650545576488","1,1,1,1,1,1,1,0,0,1,1,1,1,1,1,0,0,1,1,1,1,1,1,0,1,1,1,1,1,0,1,0,1,0,0,1,0,0,0,0,0,1,1,0,0,1,1,1,0,1,1,0,0,1,0,0,1","0,0,0,0,0,0,0,0,0,0,0,0,0,0,0,0,0,0,0,0,0,0,0,0,0,0,0,0,0,0,0,0,0,0,0,0,0,0,0,0,0,0,0,0,0,0,0,0,0,0,0,0,0,0,0,0,0","0,0,0,0,0,0,0,0,0,0,0,0,0,0,0,0,0,0,0,0,0,0,0,0,0,0,0,0,0,0,0,0,0,0,0,0,0,0,0,0,0,0,0,0,0,0,0,0,0,0,0,0,0,0,0,0,0","0,0,0,0,0,0,0,0,0,0,0,0,0,0,0,0,0,0,0,0,0,0,0,0,0,0,0,0,0,0,0,0,0,0,0,0,0,0,0,0,0,0,0,0,0,0,0,0,0,0,0,0,0,0,0,0,0","0,0,0,0,0,0,0,0,0,0,0,0,0,0,0,0,0,0,0,0,0,0,0,0,0,0,0,0,0,0,0,0,0,0,0,0,0,0,0,0,0,0,0,0,0,0,0,0,0,0,0,0,0,0,0,0,0","0,0,0,0,0,0,0,0,0,0,0,0,0,0,0,0,0,0,0,0,0,0,0,0,0,0,0,0,0,0,0,0,0,0,0,0,0,0,0,0,0,0,0,0,0,0,0,0,0,0,0,0,0,0,0,0,0","1,1,1,1,1,1,1,0,0,1,0,1,1,0,1,0,0,1,1,0,1,1,1,0,1,1,1,0,1,0,1,0,1,0,0,1,0,0,0,0,0,1,1,0,0,1,1,1,0,1,0,0,0,1,0,0,1","12582,14703,14118,12607,25793,55153,23369,1733,6204,37980,15953,28722,9569,10605,9455,0,2028,17062,198999,0,13649,26752,10918,1639,7824,10410,14499,7666,13402,2525,86180,2818,115135,5370,2804,12568,5276,2983,2367,2282,3133,20981,17178,4196,1438,29279,32723,10214,1461,7605,9355,1271,1028,7573,2739,6042,9396","7800,12920,13666,6133,11840,251200,5655,12300,435900,46966,20500,34200,8451,70600,8500,46100,46100,15700,235166,6800,6800,110740,9800,91680,6166,10800,10760,10083,11511,14666,193800,7366,113566,90000,10300,11400,295960,11733,13433,8840,17950,9800,9875,10700,0,15344,22500,9100,25500,5833,11166,100100,10700,7633,5827,161233,6700","0,0,0,0,0,0,0,0,0,0,0,0,0,0,0,0,0,0,0,0,0,0,0,0,0,0,0,0,0,0,0,0,0,0,0,0,0,0,0,0,0,0,0,0,0,0,0,0,0,0,0,0,0,0,0,0,0","0,0,0,0,0,0,0,0,0,0,0,0,0,0,0,0,0,0,0,0,0,0,0,0,0,0,0,0,0,0,0,0,0,0,0,0,0,0,0,0,0,0,0,0,0,0,0,0,0,0,0,0,0,0,0,0,0","0,0,0,0,0,0,0,0,0,0,0,0,0,0,0,0,0,0,0,0,0,0,0,0,0,0,0,0,0,0,0,0,0,0,0,0,0,0,0,0,0,0,0,0,0,0,0,0,0,0,0,0,0,0,0,0,0","1,1,1,1,1,1,1,1,1,1,1,1,1,1,1,1,1,1,1,1,1,1,1,1,1,1,1,1,1,1,1,1,1,1,1,1,1,1,1,1,1,1,1,1,1,1,1,1,1,1,1,1,1,1,1,1,1"
27,"169,34,37,116,48,195,79,160,107,4,221,94,29,208,43,109,168,153,187,187,63,96,188,5,120,3,90,127,129,6,176,216,192,7,18,83,138,10,47,106,17,23,51,220,44,42,88,20,64,105,95,142,38,152,166,35,149,177,219,59,122,147,186,130,180,174,226,85,114,104,185,36,98,72,33,111,75,223,80","1649402639268,1649404574720,1649404909059,1649406302849,1649407854592,1649407864685,1649509351395,1649509424873,1649511235548,1649512375451,1649569739746,1649569922888,1649570095607,1649570118770,1649579002101,1649579368462,1649579455198,1649580626673,1649580813605,1649581115251,1649581151597,1649582461489,1649593275895,1649647405677,1649648581951,1649654057736,1649655776824,1649657430559,1649659916193,1649660103028,1649662632270,1649662933758,1649662984439,1649663031439,1649664135226,1649665493482,1649666977054,1649741021111,1649742637760,1649743331279,1649743619941,1649743851290,1649753777460,1649763214249,1649768068177,1649768068177,1649768471597,1649768736894,1649847820889,1649848792881,1649848896481,1649849627364,1650079786958,1650081164787,1650110606078,1650111077803,1650111997621,1650113347018,1650114282339,1650124086948,1650341945009,1650371112576,1650371138687,1650375497055,1650375767775,1650375767775,1650375884682,1650379138740,1650535954538,1650536036441,1650536102836,1650536102836,1650540878817,1650541404080,1650545283942,1650546587977,1650547708350,1650548537004,1650553700630","0,0,0,0,0,1,0,0,1,0,1,1,0,1,0,0,0,1,0,0,1,0,0,0,0,1,0,0,1,0,0,0,0,0,0,0,0,0,0,0,0,0,0,0,0,0,0,0,0,0,1,0,0,1,0,0,0,0,0,0,0,0,1,1,0,0,1,1,0,0,0,0,0,1,1,0,0,0,0","0,0,0,0,0,0,0,0,0,0,0,0,0,0,0,0,0,0,0,0,0,0,0,0,0,0,0,0,0,0,0,0,0,0,0,0,0,0,0,0,0,0,0,0,0,0,0,0,0,0,0,0,0,0,0,0,0,0,0,0,0,0,0,0,0,0,0,0,0,0,0,0,0,0,0,0,0,0,0","0,0,0,0,0,0,0,0,0,0,0,0,0,0,0,0,0,0,0,0,0,0,0,0,0,0,0,0,0,0,0,0,0,0,0,0,0,0,0,0,0,0,0,0,0,0,0,0,0,0,0,0,0,0,0,0,0,0,0,0,0,0,0,0,0,0,0,0,0,0,0,0,0,0,0,0,0,0,0","0,0,0,0,0,0,0,0,0,0,0,0,0,0,0,0,0,0,0,0,0,0,0,0,0,0,0,0,0,0,0,0,0,0,0,0,0,0,0,0,0,0,0,0,0,0,0,0,0,0,0,0,0,0,0,0,0,0,0,0,0,0,0,0,0,0,0,0,0,0,0,0,0,0,0,0,0,0,0","0,0,0,0,0,0,0,0,0,0,0,0,0,0,0,0,0,0,0,0,0,0,0,0,0,0,0,0,0,0,0,0,0,0,0,0,0,0,0,0,0,0,0,0,0,0,0,0,0,0,0,0,0,0,0,0,0,0,0,0,0,0,0,0,0,0,0,0,0,0,0,0,0,0,0,0,0,0,0","0,0,0,0,0,0,0,0,0,0,0,0,0,0,0,0,0,0,0,0,0,0,0,0,0,0,0,0,0,0,0,0,0,0,0,0,0,0,0,0,0,0,0,0,0,0,0,0,0,0,0,0,0,0,0,0,0,0,0,0,0,0,0,0,0,0,0,0,0,0,0,0,0,0,0,0,0,0,0","0,0,0,0,0,0,0,0,1,0,1,0,0,1,0,0,0,1,0,0,1,0,0,0,0,1,0,0,1,0,0,0,0,0,0,0,0,0,0,0,0,0,0,0,0,0,0,0,0,0,1,0,0,0,0,0,0,0,0,0,0,0,1,1,0,0,0,0,0,0,0,0,0,1,0,0,0,0,0","1685,1449,1161,2876,1806,8696,4843,3923,9904,905,7133,10045,4061,69351,4373,2131,1421,37220,0,3428,7722,1234,2698,953,1476,112451,1202,1518,141162,1516,1477,1188,2150,2252,1621,2936,2871,2097,4147,1712,1288,5675,1108,6833,985,2512,3354,1185,1660,2942,27017,1746,3863,7478,1890,3014,1243,4412,839,3900,2839,4846,16549,12620,1514,3048,16622,7920,5490,4071,1382,1194,2821,19153,7422,4215,1326,2254,1084","189560,300800,70600,64083,8366,11366,5433,435900,8433,6133,7760,79566,251200,73833,166440,39816,62720,46100,332533,332533,7100,10066,232880,13200,46966,108433,34333,161133,196800,11166,13400,5566,174360,104400,7200,165240,12300,9400,149640,402206,114120,14266,9133,8966,65383,123366,14800,125680,39433,11166,25866,153733,10000,8566,18720,15600,10533,44100,295960,145033,11766,13433,16616,9875,91866,6500,30206,10700,16366,10700,22166,126100,10700,84233,13133,8966,161233,129699,6700","0,0,0,0,0,0,0,0,0,0,0,0,0,0,0,0,0,0,0,0,0,0,0,0,0,0,0,0,0,0,0,0,0,0,0,0,0,0,0,0,0,0,0,0,0,0,0,0,0,0,0,0,0,0,0,0,0,0,0,0,0,0,0,0,0,0,0,0,0,0,0,0,0,0,0,0,0,0,0","0,0,0,0,0,0,0,0,0,0,0,0,0,0,0,0,0,0,0,0,0,0,0,0,0,0,0,0,0,0,0,0,0,0,0,0,0,0,0,0,0,0,0,0,0,0,0,0,0,0,0,0,0,0,0,0,0,0,0,0,0,0,0,0,0,0,0,0,0,0,0,0,0,0,0,0,0,0,0","0,0,0,0,0,0,0,0,0,0,0,0,0,0,0,0,0,0,0,0,0,0,0,0,0,1,0,0,0,0,0,0,0,0,0,0,0,0,0,0,0,0,0,0,0,0,0,0,0,0,0,0,0,0,0,0,0,0,0,0,0,0,0,1,0,0,0,0,0,0,0,0,0,0,0,0,0,0,0","1,1,1,1,1,1,1,1,1,1,1,1,1,1,1,1,1,1,1,1,1,1,1,1,1,1,1,1,1,1,1,1,1,1,1,1,1,1,1,1,1,1,1,1,1,1,1,1,1,1,1,1,1,1,1,1,1,1,1,1,1,1,1,1,1,1,1,1,1,1,1,1,1,1,1,1,1,1,1"
28,"108,48,13,199,90,107,27,115,213,37,165,15,144,214,217,59","1649407537655,1649476491402,1649509033235,1649602735952,1649603012510,1649603149972,1649603458030,1649603662451,1649604159216,1649604752750,1649604752750,1649604864985,1649691929648,1649756840222,1650257102472,1650257102472","1,1,0,0,0,0,0,0,0,0,0,0,1,1,1,0","0,0,0,0,0,0,0,0,0,0,0,0,0,0,0,0","0,0,0,0,0,0,0,0,0,0,0,0,0,0,0,0","0,0,0,0,0,0,0,0,0,0,0,0,0,0,0,0","0,0,0,0,0,0,0,0,0,0,0,0,0,0,0,0","0,0,0,0,0,0,0,0,0,0,0,0,0,0,0,0","0,1,0,0,0,0,0,0,0,0,0,0,1,1,1,0","6309,8439,0,0,1026,1569,877,1130,378,994,967,755,40528,36493,10529,3438","15000,8366,19566,13666,34333,8433,13540,11616,34200,70600,12600,5655,8575,11100,10750,145033","0,0,0,0,0,0,0,0,0,0,0,0,0,0,0,0","6390,0,0,0,0,0,0,0,0,0,0,0,13304,13616,1922,0","0,0,0,0,0,0,0,0,0,0,0,0,0,0,0,0","1,1,0,0,4,4,4,4,4,4,4,4,1,1,4,4"
29,"211,57,214,112,92,138,139,216,153,93,3,164,30,145,101,14,73,144,197,17,103,21,151,25,70,142,32,82,82,187,171,97,89,193,172,161,205,9,147,141,183,135,130,149,104,194,33,54,185,114,111","1649505262125,1649505761434,1649598974110,1649599653739,1649600247492,1649664506488,1649664506488,1649664607060,1649683169101,1649683968781,1649684665750,1649684740935,1649760647562,1649761216098,1649765359906,1649765467531,1649765544636,1649765820559,1649821890791,1649855220334,1649858004404,1649934792470,1649935256152,1649935383612,1649936057553,1649939534197,1649940240496,1649940270512,1649940611641,1649941419807,1649942457027,1650114272733,1650115197837,1650116304659,1650202401995,1650202635639,1650202635639,1650202679997,1650361986532,1650366739652,1650373663552,1650374083411,1650453807424,1650457472018,1650533766814,1650539777130,1650540182196,1650540493944,1650545852266,1650545978659,1650546809363","0,0,0,1,0,1,0,0,0,1,0,1,1,1,0,1,1,0,0,0,1,0,0,1,0,0,1,0,0,0,0,0,0,0,0,0,1,0,0,0,0,1,0,1,1,1,0,1,1,0,0","0,0,0,0,0,0,0,0,0,0,0,0,0,0,0,0,0,0,0,0,0,0,0,0,0,0,0,0,0,0,0,0,0,0,0,0,0,0,0,0,0,0,0,0,0,0,0,0,0,0,0","0,0,0,0,0,0,0,0,0,0,0,0,0,0,0,0,0,0,0,0,0,0,0,0,0,0,0,0,0,0,0,0,0,0,0,0,0,0,0,0,0,0,0,0,0,0,0,0,0,0,0","0,0,0,0,0,0,0,0,0,0,0,0,0,0,0,0,0,0,0,0,0,0,0,0,0,0,0,0,0,0,0,0,0,0,0,0,0,0,0,0,0,0,0,0,0,0,0,0,0,0,0","0,0,0,0,0,0,0,0,0,0,0,0,0,0,0,0,0,0,0,0,0,0,0,0,0,0,0,0,0,0,0,0,0,0,0,0,0,0,0,0,0,0,0,0,0,0,0,0,0,0,0","0,0,0,0,0,0,0,0,0,0,0,0,0,0,0,0,0,0,0,0,0,0,0,0,0,0,0,0,0,0,0,0,0,0,0,0,0,0,0,0,0,0,0,0,0,0,0,0,0,0,0","0,0,0,1,0,1,0,0,0,1,0,1,1,1,0,1,1,0,0,0,1,0,0,1,0,0,1,0,0,0,0,0,0,0,0,0,1,0,0,0,0,1,0,1,1,1,0,1,0,0,0","1428,3854,873,19902,3172,26431,2322,1185,2704,24297,1974,13729,132429,63458,6690,50198,18111,3193,1008,1912,22443,5288,1778,16787,1461,1022,17520,0,1450,2159,2456,5988,1336,1771,4817,2958,12533,169,1806,1215,1556,7991,2760,24792,17984,17408,6782,7710,7265,6221,6797","143533,6233,11100,56400,17300,12300,222133,5566,46100,35933,108433,9100,105680,62360,14133,64680,38433,8575,11733,114120,19000,9208,10960,15700,6800,153733,11511,13100,13100,332533,8500,9466,16000,17950,7466,27233,11400,136300,13433,5833,276300,7400,9875,10533,10700,5827,13133,7633,22166,16366,8966","0,0,0,0,0,0,0,0,0,0,0,0,0,0,0,0,0,0,0,0,0,0,0,0,0,0,0,0,0,0,0,0,0,0,0,0,0,0,0,0,0,0,0,0,0,0,0,0,0,0,0","0,0,0,0,0,0,0,0,0,0,0,0,0,0,0,0,0,0,0,0,0,0,0,0,0,0,0,0,0,0,0,0,0,0,0,0,0,0,0,0,0,0,0,0,0,0,0,0,0,0,0","0,0,0,0,0,0,0,0,0,0,0,0,0,0,0,0,0,0,0,0,0,0,0,0,0,0,0,0,0,0,0,0,0,0,0,0,0,0,0,0,0,0,0,0,0,0,0,0,0,0,0","1,1,1,4,4,1,1,1,1,1,1,1,1,1,1,1,1,1,1,1,1,1,1,1,1,1,1,1,1,1,1,1,1,1,1,1,1,1,1,1,1,1,1,1,1,1,1,1,1,1,1"
30,"196,84,175,179,167,99,64,136,31","1649462453927,1650017719358,1650022552583,1650022854188,1650024013028,1650070167172,1650070604097,1650079264716,1650079354117","1,1,1,1,1,1,1,1,1","0,0,0,0,0,0,0,0,0","0,0,0,0,0,0,0,0,0","0,0,0,0,0,0,0,0,0","0,0,0,0,0,0,0,0,0","0,0,0,0,0,0,0,0,0","1,1,1,1,1,1,1,1,1","21274,26193,60134,13416,32889,16319,42223,160107,14640","59600,7583,67000,6166,30883,12833,39433,232382,6966","0,0,0,0,0,0,0,0,0","0,0,0,0,0,0,0,0,0","0,0,0,0,0,0,0,0,0","4,4,1,1,1,1,1,1,1"
31,"206,13,126,115,155,15,133,119,121,121,168,116,79,107,96,215,210,222,71,45,1,225,157,157,182,217","1649399091304,1649419045080,1649421371993,1649422685461,1649422740127,1649494156390,1649506364491,1649515892980,1649517387757,1649517747382,1649518114641,1649518381132,1649549722967,1649549933516,1649560780508,1649560830377,1650014901212,1650052839935,1650052901057,1650052901057,1650099272777,1650103029611,1650112460512,1650112536672,1650114681440,1650183745383","1,1,0,0,0,0,0,0,0,0,0,0,0,0,0,0,0,1,1,1,0,0,1,1,0,1","0,0,0,0,0,0,0,0,0,0,0,0,0,0,0,0,0,0,0,0,0,0,0,0,0,0","0,0,0,0,0,0,0,0,0,0,0,0,0,0,0,0,0,0,0,0,0,0,0,0,0,0","0,0,0,0,0,0,0,0,0,0,0,0,0,0,0,0,0,0,0,0,0,0,0,0,0,0","0,0,0,0,0,0,0,0,0,0,0,0,0,0,0,0,0,0,0,0,0,0,0,0,0,0","0,0,0,0,0,0,0,0,0,0,0,0,0,0,0,0,0,0,0,0,0,0,0,0,0,0","1,0,0,0,0,0,0,0,0,0,0,0,0,0,0,0,0,1,1,1,0,0,0,0,0,0","29586,15542,0,1321,1267,1295,1505,1406,0,863,742,1316,3186,2291,1041,948,0,12601,28048,57216,1023,2091,0,10113,1976,9423","61200,19566,46800,11616,12920,5655,7800,8000,84800,84800,62720,64083,5433,8433,10066,7100,147280,11566,24896,51133,25933,7366,24700,24700,14666,10750","0,0,0,0,0,0,0,0,0,0,0,0,0,0,0,0,0,0,0,0,0,0,0,0,0,0","0,0,0,0,0,0,0,0,0,0,0,0,0,0,0,0,0,0,0,0,0,0,0,0,0,0","0,0,0,0,0,0,0,0,0,0,0,0,0,0,0,0,0,0,0,0,0,0,0,0,0,0","1,0,0,1,1,1,1,4,4,1,1,1,1,1,1,1,0,1,1,1,1,1,0,1,1,1"
32,"196,126,13,4,31,121,5,165,99,76,223,134,14,49,10,204,7,119,149,157,157","1649419892854,1649421701523,1649427810359,1649492730768,1649492900832,1649503359265,1649547974907,1649555602109,1649559743904,1649564756095,1650020041285,1650020162061,1650021030666,1650021617850,1650021617850,1650021812213,1650023290614,1650102924056,1650122776037,1650163416278,1650163876915","1,0,1,1,1,0,1,1,0,1,1,1,1,0,1,1,1,0,1,1,1","0,0,0,0,0,0,0,0,0,0,0,0,0,0,0,0,0,0,0,0,0","0,0,0,0,0,0,0,0,0,0,0,0,0,0,0,0,0,0,0,0,0","0,0,0,0,0,0,0,0,0,0,0,0,0,0,0,0,0,0,0,0,0","0,0,0,0,0,0,0,0,0,0,0,0,0,0,0,0,0,0,0,0,0","0,0,0,0,0,0,0,0,0,0,0,0,0,0,0,0,0,0,0,0,0","1,0,0,1,1,0,1,1,0,1,0,1,1,0,1,1,1,0,1,0,1","80516,0,7170,6809,11276,3544,16550,25571,2936,10120,17867,18083,24704,1432,13490,123550,30854,2538,28036,0,21976","59600,46800,19566,6133,6966,84800,13200,12600,12833,8400,129699,10500,64680,11480,9400,152966,104400,8000,10533,24700,24700","0,0,0,0,0,0,0,0,0,0,0,0,0,0,0,0,0,0,0,0,0","0,0,0,0,0,0,0,0,0,0,0,0,0,0,0,0,0,0,0,0,8306","0,0,0,0,0,0,0,0,0,0,0,0,0,0,0,0,0,0,0,0,0","2,0,1,2,2,1,2,4,2,2,2,2,2,2,2,2,2,1,1,0,4"
33,"126,4,32,112,227,207,207,93,70,74,137,222,212,80,75,104,194,78","1649422357334,1649514194260,1649591518902,1649591547578,1649594343574,1649652401513,1649652491782,1649767349547,1649849552831,1649849552831,1650022363528,1650204797003,1650464440198,1650525676984,1650550007872,1650550329082,1650550414094,1650551619118","0,0,0,1,0,0,0,0,0,0,0,1,0,0,0,1,0,0","0,0,0,0,0,0,0,0,0,0,0,0,0,0,0,0,0,0","0,0,0,0,0,0,0,0,0,0,0,0,0,0,0,0,0,0","0,0,0,0,0,0,0,0,0,0,0,0,0,0,0,0,0,0","0,0,0,0,0,0,0,0,0,0,0,0,0,0,0,0,0,0","0,0,0,0,0,0,0,0,0,0,0,0,0,0,0,0,0,0","0,0,0,0,0,0,0,0,0,0,0,1,0,0,0,1,0,0","0,1470,1538,7614,2838,0,2138,1518,1571,2196,0,12443,0,4912,3028,11296,895,0","46800,6133,11511,56400,20500,12766,12766,35933,6800,6566,36835,11566,141166,6700,161233,10700,5827,113766","0,0,0,0,0,0,0,0,0,0,0,0,0,0,0,0,0,0","0,0,0,0,0,0,0,0,0,0,0,0,0,0,0,0,0,0","0,0,0,0,0,0,0,0,0,0,0,0,0,0,0,0,0,0","0,4,4,4,4,1,4,4,4,4,0,4,0,4,1,4,4,0"
34,"126,155,132,123,79,209,113,67,57,207,203,203,7,191,144,215,62,152,154,0,174,63,46,61,3","1649422021998,1649466739510,1649511388662,1649516266888,1649517270816,1649518330749,1649539211572,1649573397229,1649573734574,1649684099850,1649751591106,1649752003768,1649796512617,1649796512617,1649797576655,1649798191622,1649991417061,1650077448089,1650204747839,1650377257316,1650378013321,1650404532323,1650442874840,1650443198567,1650443198567","0,0,1,1,1,1,1,1,1,0,0,0,1,0,1,0,0,0,0,1,1,1,1,1,1","0,0,0,0,0,0,0,0,0,0,0,0,0,0,0,0,0,0,0,0,0,0,0,0,0","0,0,0,0,0,0,0,0,0,0,0,0,0,0,0,0,0,0,0,0,0,0,0,0,0","0,0,0,0,0,0,0,0,0,0,0,0,0,0,0,0,0,0,0,0,0,0,0,0,0","0,0,0,0,0,0,0,0,0,0,0,0,0,0,0,0,0,0,0,0,0,0,0,0,0","0,0,0,0,0,0,0,0,0,0,0,0,0,0,0,0,0,0,0,0,0,0,0,0,0","0,0,1,0,1,0,1,1,1,0,0,0,0,0,1,0,0,0,0,1,1,1,1,1,1","0,0,146317,1997,12370,1166,194097,26000,25638,0,0,2277,11922,1758,9833,6829,1234,3398,2073,84705,27580,15665,29207,11440,41143","46800,12920,285980,238933,5433,166133,166601,7600,6233,12766,13283,13283,104400,8080,8575,7100,9541,8566,21983,156433,6500,7100,15344,9800,108433","0,0,0,0,0,0,0,0,0,0,0,0,0,0,0,0,0,0,0,0,0,0,0,0,0","0,0,0,0,0,0,0,0,0,0,0,0,0,0,0,0,0,0,0,0,0,0,0,0,0","0,0,0,0,0,0,0,0,0,0,0,0,0,0,0,0,0,0,0,0,0,0,0,0,0","0,4,1,1,1,1,1,4,4,0,1,1,1,1,1,1,1,1,1,1,1,1,4,4,4"
37,"48,86,209,132,163,198,112,56,5,25,227,34,208,27,120,188,128,133,7,156,207,190,46,189,184,144,52,52,17,124,222,222,29,137,102,97,127,170,172,65,83,130,194,75","1649416003759,1649417094806,1649417094806,1649417872867,1649421816792,1649422586685,1649549686352,1649549944766,1649575846251,1649576408935,1649576514602,1649576573402,1649576573402,1649588838865,1649593973145,1649594173067,1649594526572,1649600674640,1649600893017,1649650240850,1649650414061,1649678085111,1649678227434,1649697190225,1649763312248,1649763974104,1649768360414,1649768360414,1649783148800,1649929832148,1649940565863,1649940978385,1649947479335,1650023980330,1650086249409,1650107802303,1650111177082,1650197153179,1650198689609,1650258853576,1650258853576,1650375249156,1650538851564,1650540655831","0,0,0,1,1,0,0,0,1,1,0,0,0,0,0,0,0,0,1,0,0,1,0,0,0,0,0,0,0,0,0,0,0,0,0,1,0,0,1,1,1,0,0,1","0,0,0,0,0,0,0,0,0,0,0,0,0,0,0,0,0,0,0,0,0,0,0,0,0,0,0,0,0,0,0,0,0,0,0,0,0,0,0,0,0,0,0,0","0,0,0,0,0,0,0,0,0,0,0,0,0,0,0,0,0,0,0,0,0,0,0,0,0,0,0,0,0,0,0,0,0,0,0,0,0,0,0,0,0,0,0,0","0,0,0,0,0,0,0,0,0,0,0,0,0,0,0,0,0,0,0,0,0,0,0,0,0,0,0,0,0,0,0,0,0,0,0,0,0,0,0,0,0,0,0,0","0,0,0,0,0,0,0,0,0,0,0,0,0,0,0,0,0,0,0,0,0,0,0,0,0,0,0,0,0,0,0,0,0,0,0,0,0,0,0,0,0,0,0,0","0,0,0,0,0,0,0,0,0,0,0,0,0,0,0,0,0,0,0,0,0,0,0,0,0,0,0,0,0,0,0,0,0,0,0,0,0,0,0,0,0,0,0,0","0,0,0,0,1,0,0,0,0,1,0,0,0,0,0,0,0,0,1,0,0,1,0,0,0,0,0,0,0,0,0,0,0,0,0,1,0,0,1,0,0,0,0,1","1527,1889,3452,7078,24870,2633,3022,2507,8325,17333,3487,1294,5357,2070,3,0,4355,2964,48362,0,1959,9579,5611,6126,0,6070,1783,1783,0,1349,0,3227,2744,2515,3309,15839,5212,6893,10320,7293,16661,1435,3228,115153","8366,25500,166133,285980,51580,14466,56400,91680,13200,15700,20500,300800,73833,13540,46966,232880,110740,7800,104400,235166,12766,8451,15344,146200,213866,8575,16616,16616,114120,6033,11566,11566,251200,36835,193800,9466,161133,29640,7466,11633,165240,9875,5827,161233","0,0,0,0,0,0,0,0,0,0,0,0,0,0,0,0,0,0,0,0,0,0,0,0,0,0,0,0,0,0,0,0,0,0,0,0,0,0,0,0,0,0,0,0","0,0,0,0,0,0,0,0,0,0,0,0,0,0,0,0,0,0,0,0,0,0,0,0,0,0,0,0,0,0,0,0,0,0,0,0,0,0,0,0,0,0,0,0","0,0,0,0,0,0,0,0,0,0,0,0,0,0,0,0,0,0,0,0,0,0,0,0,0,0,0,0,0,0,0,0,0,0,0,0,0,0,0,0,0,0,0,0","1,1,1,1,1,1,1,1,1,1,1,1,1,1,1,8,1,1,1,0,1,1,1,6,8,1,6,6,8,1,1,1,1,1,1,1,1,1,1,1,1,1,1,1"
38,"29,109,108,5,67,99,207,164,143,120,20,218,22,161","1649549601198,1649550758158,1649550796693,1649570447829,1649591216127,1649591341835,1649735511379,1649938850333,1650003840983,1650005852279,1650007534116,1650516807772,1650539549175,1650544351832","1,0,0,1,0,1,0,1,1,1,0,0,1,1","0,0,0,0,0,0,0,0,0,0,0,0,0,0","0,0,0,0,0,0,0,0,0,0,0,0,0,0","0,0,0,0,0,0,0,0,0,0,0,0,0,0","0,0,0,0,0,0,0,0,0,0,0,0,0,0","0,0,0,0,0,0,0,0,0,0,0,0,0,0","1,0,0,1,0,0,0,1,1,1,0,0,1,1","253846,678,906,15083,1548,7152,0,19740,86040,38103,2097,4739,11643,36506","251200,39816,15000,13200,7600,12833,12766,9100,147680,46966,125680,100100,10300,27233","0,0,0,0,0,0,0,0,0,0,0,0,0,0","0,0,0,0,0,0,0,0,0,0,0,0,0,0","0,0,0,0,0,0,0,0,0,0,0,0,0,0","1,1,1,1,1,1,0,1,1,1,1,1,1,1"
39,"119,169,139,94,7,203,136,179,167,110,84,89,193","1649421033717,1649421765067,1649598040000,1649680422238,1649745199842,1649745199842,1649853915201,1649854101955,1649924345665,1649924345665,1649996196731,1650007995303,1650287874206","1,1,1,1,1,1,0,1,1,1,1,1,0","0,0,0,0,0,0,0,0,0,0,0,0,0","0,0,0,0,0,0,0,0,0,0,0,0,0","0,0,0,0,0,0,0,0,0,0,0,0,0","0,0,0,0,0,0,0,0,0,0,0,0,0","0,0,0,0,0,0,0,0,0,0,0,0,0","1,1,1,0,1,1,0,1,0,1,1,1,0","12124,91683,193150,1053,81504,23705,4483,7343,9193,63341,26128,34055,2833","8000,189560,222133,79566,104400,13283,232382,6166,30883,26333,7583,16000,17950","0,0,0,0,0,0,0,0,0,0,0,0,0","0,0,0,0,0,3623,0,0,0,0,0,0,0","0,0,1,0,0,0,0,0,0,0,0,0,0","1,1,1,1,1,1,1,1,1,1,1,1,1"
40,"24,140,138,188,227,96,214,45,62,106,51,162,223,127,132,187,0,20,143,124,200,26","1649599401476,1649599709937,1649662894786,1649663160679,1649663705344,1649663871214,1649664315122,1649739685099,1649740444743,1649747593449,1649762139160,1649762139160,1649837274904,1649914952768,1649940022419,1649940050070,1649940164828,1649940458274,1649940672073,1649942740027,1649943299587,1650112639993","1,1,1,0,0,0,1,1,1,0,1,1,0,1,0,0,0,1,0,0,0,1","0,0,0,0,0,0,0,0,0,0,0,0,0,0,0,0,0,0,0,0,0,0","0,0,0,0,0,0,0,0,0,0,0,0,0,0,0,0,0,0,0,0,0,0","0,0,0,0,0,0,0,0,0,0,0,0,0,0,0,0,0,0,0,0,0,0","0,0,0,0,0,0,0,0,0,0,0,0,0,0,0,0,0,0,0,0,0,0","0,0,0,0,0,0,0,0,0,0,0,0,0,0,0,0,0,0,0,0,0,0","1,1,1,0,0,0,1,1,1,0,1,1,0,1,0,0,0,1,0,0,0,1","13256,20536,15632,1669,2914,2266,12023,52233,27541,2133,11178,123216,126,91707,2123,5835,1507,128108,1349,5667,1352,12054","6266,19700,12300,232880,20500,10066,11100,51133,9541,402206,9133,184184,129699,161133,285980,332533,156433,125680,147680,6033,121760,8766","0,0,0,0,0,0,0,0,0,0,0,0,0,0,0,0,0,0,0,0,0,0","0,0,0,0,0,0,0,0,0,0,0,0,0,0,0,0,0,0,0,0,0,0","0,0,0,0,0,0,0,0,0,0,0,0,0,0,0,0,0,0,0,0,0,0","1,1,1,1,1,1,1,1,1,1,1,1,1,1,1,1,1,1,1,1,1,1"
