video_id,counts,show_cnt,show_user_num,play_cnt,play_user_num,play_duration,complete_play_cnt,complete_play_user_num,valid_play_cnt,valid_play_user_num,long_time_play_cnt,long_time_play_user_num,short_time_play_cnt,short_time_play_user_num,play_progress,comment_stay_duration,like_cnt,like_user_num,click_like_cnt,double_click_cnt,cancel_like_cnt,cancel_like_user_num,comment_cnt,comment_user_num,direct_comment_cnt,reply_comment_cnt,delete_comment_cnt,delete_comment_user_num,comment_like_cnt,comment_like_user_num,follow_cnt,follow_user_num,cancel_follow_cnt,cancel_follow_user_num,share_cnt,share_user_num,download_cnt,download_user_num,report_cnt,report_user_num,reduce_similar_cnt,reduce_similar_user_num,collect_cnt,collect_user_num,cancel_collect_cnt,cancel_collect_user_num,direct_comment_user_num,reply_comment_user_num,share_all_cnt,share_all_user_num,outsite_share_all_cnt
0,174,147596.77586206896,137441.36781609195,128378.7356321839,120253.41379310343,5678007446.775862,11141.408045977012,11047.0,80655.83333333333,79166.52298850575,58187.40804597701,57296.81609195402,28641.385057471263,26914.79885057472,0.1540906287793679,131931170.66666669,1597.6436781609195,1575.2183908045977,708.0344827586207,887.8735632183908,132.2183908045977,117.683908045977,93.32758620689656,87.36781609195403,79.72988505747126,13.597701149425289,3.6666666666666665,3.2988505747126435,180.7816091954023,99.21264367816092,197.3735632183908,196.5,28.19540229885057,28.10919540229885,6.339080459770115,5.706896551724138,2.425287356321839,2.4022988505747125,0.0747126436781609,0.0747126436781609,52.86206896551724,51.75862068965517,136.61494252873564,129.2528735632184,61.689655172413794,55.75862068965517,77.20689655172414,11.304597701149426,12.379310344827584,10.79310344827586,7.028735632183908
3,174,172742.1091954023,158605.72988505746,143024.77586206896,129883.54022988504,5936594013.994253,27756.511494252874,27266.241379310344,87463.3275862069,84103.8908045977,74085.17816091955,71946.01149425287,40922.91379310345,37978.73563218391,0.1673972946393119,37986214.56896552,1770.867816091954,1738.712643678161,743.9252873563219,1022.396551724138,176.09195402298852,154.632183908046,24.19540229885057,22.64367816091954,19.2816091954023,4.913793103448276,1.0459770114942528,1.0,109.4367816091954,59.09770114942529,166.70689655172413,165.7183908045977,7.994252873563219,7.275862068965517,11.614942528735632,10.459770114942527,0.0,0.0,0.0459770114942528,0.0402298850574712,53.01149425287356,49.09770114942529,207.19540229885052,195.19540229885052,63.18390804597701,58.26436781609196,18.70689655172414,4.316091954022989,19.40229885057472,16.103448275862068,8.528735632183908
4,180,367644.2166666667,319497.5,353242.0,316401.7833333333,3277224688.888889,256629.7055555556,241738.0833333333,256060.64444444445,241415.44444444444,256060.57222222225,241415.3777777778,67933.98888888888,58907.29444444445,0.4790853597431018,75310836.93333334,4545.094444444445,4502.783333333334,2221.927777777778,2248.405555555556,289.19444444444446,270.8,813.5222222222222,735.9277777777778,519.4888888888889,294.03333333333336,34.1,31.30555555555556,1018.6222222222224,619.55,247.98888888888888,246.3388888888889,12.1,11.938888888888888,310.21666666666664,286.1555555555556,139.04444444444445,134.86666666666667,0.8388888888888889,0.7944444444444444,211.12777777777777,182.6,523.1277777777777,513.2388888888889,117.47777777777776,113.89444444444445,501.0777777777778,266.02777777777777,446.27777777777777,398.4166666666667,215.42222222222225
10,162,472978.1975308642,458215.3148148148,478593.45061728393,449632.8765432099,5661649999.469136,327074.8765432099,322113.6790123457,357184.33950617287,351451.4197530864,326388.16049382713,321619.9074074074,72422.5925925926,66324.96296296296,0.5126552415987852,409154014.9691358,3360.117283950617,3327.8086419753085,1439.2592592592594,1914.4753086419755,523.3024691358024,505.64814814814815,615.3703703703703,441.5679012345679,109.37654320987654,505.9938271604938,70.90123456790124,60.07407407407408,3652.944444444444,1644.6296296296296,86.32716049382717,86.08024691358025,14.382716049382717,14.32716049382716,9.88888888888889,9.234567901234568,5.7407407407407405,5.617283950617284,0.037037037037037,0.037037037037037,217.679012345679,205.72222222222223,326.7345679012346,321.08641975308643,180.5987654320988,177.3395061728395,105.05555555555556,348.58024691358025,21.04320987654321,18.32716049382716,10.12962962962963
16,186,87841.00537634408,84365.95161290323,91496.39784946236,83563.17204301075,3739726186.317205,16117.220430107527,15958.370967741936,58386.408602150535,56843.145161290326,44044.22580645161,43132.37634408602,21420.752688172044,19941.822580645163,0.2747157443117377,38510856.29032258,1038.494623655914,1016.0,452.1505376344086,579.9569892473119,153.6021505376344,137.72043010752688,62.1505376344086,55.81182795698925,37.75268817204301,24.397849462365592,4.973118279569892,4.478494623655914,366.5806451612903,210.96236559139783,100.91935483870968,100.76881720430109,6.080645161290323,6.005376344086022,14.978494623655914,14.03225806451613,0.0,0.0,0.0376344086021505,0.0376344086021505,123.48387096774194,119.28494623655914,116.75806451612904,110.6505376344086,58.17741935483871,53.994623655913976,36.72043010752688,21.22043010752688,18.90860215053764,16.919354838709676,5.064516129032258
18,119,36993.10924369748,35381.39495798319,38241.56302521008,35746.16806722689,474526174.0252101,22437.91596638656,21774.277310924368,22826.04201680672,22158.840336134454,22394.016806722688,21739.983193277312,7222.73949579832,6766.0672268907565,0.3182791087878582,39474176.11764706,276.61344537815125,272.42857142857144,129.19327731092437,145.2268907563025,23.781512605042018,20.949579831932773,72.05042016806723,66.5546218487395,61.49579831932773,10.554621848739496,4.504201680672269,4.2100840336134455,161.0420168067227,81.58823529411765,11.067226890756302,10.890756302521009,0.4621848739495798,0.453781512605042,4.042016806722689,3.0840336134453783,1.680672268907563,1.5798319327731092,0.0084033613445378,0.0084033613445378,8.260504201680673,7.420168067226891,58.27731092436975,53.46218487394958,27.974789915966387,23.840336134453786,59.3109243697479,8.672268907563025,7.201680672268908,5.361344537815126,5.176470588235294
23,162,226701.1234567901,211863.4135802469,185519.9135802469,170125.09259259258,3008461956.04321,101171.25925925926,98927.48148148147,131758.61111111112,128139.09876543208,100900.98765432098,98752.41975308642,32365.623456790123,29433.69135802469,0.1622035965106836,322680128.7777778,5027.407407407408,4983.006172839506,2147.216049382716,2859.5864197530864,415.7716049382716,399.3641975308642,345.8888888888889,288.9259259259259,206.3641975308642,139.52469135802468,21.17283950617284,16.37037037037037,1840.067901234568,932.2469135802468,81.25925925925925,80.87654320987654,4.382716049382716,4.296296296296297,67.90123456790124,64.46913580246914,31.314814814814813,29.97530864197531,0.1481481481481481,0.1172839506172839,164.52469135802468,153.5185185185185,367.04938271604937,359.8024691358025,141.7530864197531,138.5493827160494,200.0617283950617,102.5,103.48765432098766,93.70370370370372,46.401234567901234
25,138,51792.42028985507,51118.52173913043,52880.21739130434,50695.00724637681,647411322.2536232,25036.00724637681,24917.514492753624,29192.02173913044,28991.963768115944,24971.355072463768,24862.942028985508,17936.869565217392,17257.528985507248,0.4740020931407437,9638261.710144928,167.2826086956522,165.18840579710144,80.1159420289855,86.96376811594203,18.57246376811594,17.268115942028984,5.0,4.760869565217392,4.210144927536232,0.7898550724637681,0.2028985507246377,0.181159420289855,18.39130434782609,10.710144927536232,9.579710144927535,9.557971014492754,0.3695652173913043,0.3695652173913043,4.601449275362318,4.195652173913044,2.8768115942028984,2.869565217391304,0.0,0.0,10.76086956521739,10.391304347826088,29.39130434782609,28.70289855072464,5.920289855072464,5.652173913043479,4.101449275362318,0.7246376811594203,8.021739130434783,7.304347826086956,5.956521739130435
27,174,153577.3908045977,146402.82183908045,147350.1091954023,132994.22413793104,1909370832.1666667,65859.10344827586,64957.16666666666,85052.55172413793,82599.53448275862,65710.20689655172,64839.9540229885,39951.706896551725,37266.42528735632,0.3147646075731469,31815426.83908046,3414.793103448276,3389.7471264367814,1436.235632183908,1944.994252873564,285.05172413793105,274.9367816091954,44.25862068965517,40.63218390804597,32.741379310344826,11.517241379310343,2.1666666666666665,1.896551724137931,68.25287356321839,43.95402298850575,371.8103448275862,371.5517241379311,4.896551724137931,4.787356321839081,132.76436781609195,123.22413793103448,111.72988505747126,111.0057471264368,0.0402298850574712,0.0402298850574712,66.63218390804597,64.85057471264368,1029.8103448275865,1015.5344827586208,179.5632183908046,174.22988505747125,32.02873563218391,9.71264367816092,245.20689655172413,225.22413793103448,180.9367816091954
29,184,295077.20108695654,274721.4293478261,299766.4673913043,270561.625,25178359282.951088,53271.59782608696,51998.00543478261,207180.2989130435,197700.0434782609,161710.28804347827,154832.57065217392,61922.74456521739,56199.532608695656,0.1879208316243006,82093706.41847827,2681.4728260869565,2588.3641304347825,1238.6032608695652,1426.8641304347825,435.6304347826087,363.7771739130435,20.782608695652176,18.28804347826087,15.880434782608695,4.902173913043479,0.9891304347826086,0.8641304347826086,113.03804347826087,60.98913043478261,262.4782608695652,262.125,16.527173913043477,16.358695652173914,15.201086956521738,14.097826086956522,6.929347826086956,6.402173913043479,0.0543478260869565,0.0489130434782608,141.5923913043478,125.97282608695652,425.1847826086956,401.3858695652174,153.3804347826087,137.52717391304347,15.141304347826088,3.5815217391304346,31.58695652173913,27.72826086956522,16.065217391304348
34,183,210118.3387978142,201770.16393442624,217026.9398907104,194549.71038251367,11149569786.803278,9198.530054644809,9038.338797814207,128389.1038251366,123043.03278688523,105515.43169398909,101905.83606557376,53106.10928961749,48380.75409836065,0.0795531951188294,177882478.20218578,4294.07650273224,4197.360655737705,2005.2185792349728,2253.912568306011,525.4699453551913,464.0163934426229,139.6775956284153,108.34972677595628,79.93989071038251,59.73770491803279,13.978142076502731,12.234972677595628,893.3005464480874,369.57377049180326,182.54644808743168,182.07103825136613,10.540983606557376,10.448087431693988,37.83606557377049,34.060109289617486,30.174863387978142,28.453551912568305,0.3005464480874317,0.2622950819672131,260.8087431693989,235.5573770491804,495.5027322404372,474.46448087431696,183.8415300546448,173.37704918032787,74.71584699453553,38.57377049180328,74.8743169398907,64.19125683060109,39.46994535519126
35,107,156387.30841121497,149040.67289719626,157263.8504672897,146391.9906542056,3178187197.738318,97396.59813084111,95757.84112149532,108082.0093457944,105788.0186915888,97171.43925233644,95594.19626168224,27291.17757009346,25287.22429906542,0.2628964069817545,193203438.0560748,1107.9158878504672,1097.9345794392525,503.5233644859813,603.5046728971963,94.1682242990654,87.58878504672897,86.93457943925233,80.30841121495327,64.11214953271028,22.82242990654205,3.588785046728972,3.2803738317757007,486.7102803738318,249.7196261682243,47.58878504672897,47.47663551401869,2.149532710280374,2.1401869158878504,10.411214953271028,9.485981308411215,0.0,0.0,0.0,0.0,31.672897196261683,28.53271028037383,96.78504672897196,94.73831775700934,38.93457943925234,37.85046728971962,62.52336448598131,19.46728971962617,14.102803738317755,12.30841121495327,8.36448598130841
37,126,56054.333333333336,55357.07936507936,58385.269841269845,54550.73015873016,1774626223.2857144,11290.539682539682,11262.642857142857,37285.19841269841,36557.21428571428,27321.84126984127,26994.56349206349,15405.079365079366,14624.222222222224,0.1477228123021703,76934621.20634921,549.2857142857143,545.1031746031746,260.87301587301585,287.6587301587302,48.65079365079365,46.47619047619048,85.0952380952381,80.42857142857143,72.03968253968254,13.055555555555555,4.2936507936507935,3.952380952380953,188.44444444444449,99.16666666666669,19.38095238095238,18.63492063492064,1.007936507936508,0.992063492063492,53.84920634920635,50.11111111111112,34.992063492063494,34.84920634920635,0.1349206349206349,0.1111111111111111,15.984126984126984,15.658730158730158,49.07142857142857,48.07142857142857,18.05555555555556,17.58730158730159,70.3015873015873,11.484126984126984,86.98412698412699,80.4047619047619,57.8015873015873
39,186,167817.9516129032,152073.5752688172,154137.46774193548,141307.41397849462,1764053669.655914,94173.36021505376,91195.6989247312,102484.94086021504,99141.6182795699,93897.688172043,91011.06989247313,28607.860215053763,26046.844086021505,0.4308143292447953,75406884.77419356,2359.3978494623657,2344.7365591397847,997.8172043010752,1346.9462365591398,99.8010752688172,92.7258064516129,141.96774193548387,135.23655913978496,129.1021505376344,12.865591397849462,4.258064516129032,3.951612903225808,135.10752688172042,90.20967741935485,314.09139784946234,311.51075268817203,15.85483870967742,15.661290322580646,17.338709677419356,16.28494623655914,16.177419354838708,15.521505376344086,0.032258064516129,0.032258064516129,62.32258064516129,56.76881720430107,150.56989247311827,147.90860215053763,52.564516129032256,51.413978494623656,126.08602150537637,10.96774193548387,32.10752688172043,29.311827956989248,20.40860215053764
40,132,114546.98484848483,110783.15151515152,100717.44696969698,92287.20454545454,6837871048.765152,15658.022727272728,15560.545454545454,63416.757575757576,62015.48484848485,52908.69696969697,51974.469696969696,29697.265151515152,28072.977272727272,0.0721739483628441,100851733.95454544,2054.931818181818,2023.7954545454545,1132.5681818181818,914.689393939394,136.9469696969697,117.72727272727272,130.18939393939394,124.6439393939394,123.74242424242424,6.446969696969697,3.583333333333333,3.378787878787879,261.1439393939394,124.62878787878788,71.76515151515152,71.6969696969697,5.113636363636363,5.098484848484849,18.431818181818183,17.181818181818183,7.431818181818182,7.363636363636363,0.1212121212121212,0.0909090909090909,28.318181818181817,26.90909090909091,162.02272727272728,153.6969696969697,50.46969696969697,45.13636363636363,120.25,4.901515151515151,29.87878787878788,26.75757575757576,19.65909090909091
43,179,137384.69832402235,126106.7877094972,136269.50837988826,122607.27932960894,7612243459.156424,17654.8156424581,16978.63687150838,89672.21787709497,85444.20111731843,77899.88826815643,74640.25698324022,29178.988826815643,26261.698324022345,0.232861059853541,102972828.67597765,2250.368715083799,2201.2290502793294,953.9497206703912,1259.391061452514,267.99441340782124,234.4022346368715,53.42458100558659,48.547486033519554,42.960893854748605,10.46368715083799,5.4581005586592175,4.731843575418995,493.6256983240223,287.66480446927375,148.52513966480447,147.54189944134075,9.625698324022348,8.87709497206704,13.782122905027933,12.59217877094972,5.770949720670391,5.396648044692737,0.0111731843575419,0.0111731843575419,73.91061452513966,67.43016759776536,335.3184357541899,317.7262569832402,164.3072625698324,155.6312849162011,40.83240223463688,8.743016759776536,26.044692737430168,22.48603351955307,10.620111731843576
46,172,357699.68604651163,306177.93604651163,365472.9418604651,324020.3023255814,6429607809.180233,194292.17441860464,177535.5058139535,244815.0465116279,223707.38372093023,193659.7558139535,177155.94186046513,94167.87209302324,83808.6453488372,0.43089791569039,29186493.726744182,1363.063953488372,1321.4011627906978,808.1918604651163,539.3197674418604,188.3313953488372,160.6860465116279,23.77906976744186,22.48837209302325,22.38953488372093,1.3895348837209305,0.7034883720930233,0.6744186046511628,31.42441860465116,20.49418604651163,167.9418604651163,167.04651162790697,3.738372093023256,3.715116279069768,17.063953488372093,13.877906976744184,12.994186046511627,11.331395348837209,0.0872093023255814,0.0290697674418604,135.44767441860466,109.34883720930232,381.7674418604651,368.0348837209302,77.51744186046511,71.40697674418605,21.412790697674417,1.127906976744186,37.73255813953488,31.3953488372093,21.88372093023256
50,186,178131.2365591398,164393.54301075268,174230.688172043,165005.01075268816,2688084704.478494,103043.52150537634,100390.04838709676,117337.5,114348.64516129032,102766.93010752687,100186.20430107528,39217.00537634409,36857.34408602151,0.4442848934151866,27691807.741935484,628.9086021505376,613.8118279569892,306.2956989247312,321.89247311827955,59.983870967741936,49.123655913978496,21.236559139784948,19.85483870967742,16.682795698924732,4.553763440860215,0.7741935483870968,0.7043010752688172,65.8010752688172,31.892473118279568,69.41397849462365,69.27956989247312,2.381720430107527,2.360215053763441,9.629032258064516,8.580645161290322,8.279569892473118,8.13978494623656,0.0591397849462365,0.0591397849462365,72.2741935483871,67.24193548387096,163.31182795698925,158.10752688172042,48.123655913978496,45.7258064516129,16.20967741935484,3.924731182795699,21.50537634408602,18.661290322580644,12.951612903225806
52,143,40929.02097902098,34802.545454545456,28862.65034965035,27408.377622377626,236452987.7972028,4283.1398601398605,4254.104895104895,9736.587412587412,9660.531468531468,4255.818181818182,4231.237762237763,15146.776223776224,14481.76923076923,0.2714633514788211,4707528.20979021,233.006993006993,231.44755244755245,123.56643356643356,108.87412587412588,10.41958041958042,9.517482517482517,10.594405594405597,9.783216783216783,9.867132867132868,0.7272727272727273,0.3566433566433566,0.3216783216783216,16.02097902097902,6.188811188811189,3.174825174825175,3.1538461538461537,12.307692307692308,12.272727272727272,1.4545454545454546,1.1608391608391608,0.9370629370629372,0.93006993006993,0.0,0.0,12.328671328671328,11.944055944055943,12.20979020979021,11.867132867132868,3.083916083916084,2.867132867132867,9.335664335664337,0.5454545454545454,2.4965034965034967,2.13986013986014,1.8741258741258744
54,75,42469.89333333333,41956.58666666667,42062.026666666665,40355.026666666665,456466447.32,25626.706666666665,25457.56,27246.4,27072.586666666662,25576.12,25418.226666666666,7010.1466666666665,6640.08,0.4151070099192093,40919502.053333335,149.86666666666667,149.05333333333334,69.44,80.30666666666667,11.066666666666666,10.56,90.78666666666666,85.6,76.96,13.826666666666666,2.96,2.773333333333333,138.8,73.4,3.56,3.56,0.2533333333333333,0.2533333333333333,1.2,1.12,0.4266666666666667,0.4266666666666667,0.0,0.0,4.36,4.173333333333333,16.546666666666667,16.266666666666666,7.133333333333334,6.96,75.44,11.586666666666666,1.7733333333333334,1.64,1.12
55,134,266113.60447761195,242471.60447761195,272349.3432835821,243658.9776119403,3336938221.9626865,11047.619402985074,10272.119402985074,107734.5895522388,100392.52985074629,51796.985074626864,48883.07462686567,111775.3134328358,103675.97014925371,0.100306720304094,40061004.514925376,1994.1716417910447,1974.8432835820893,984.0522388059702,1008.0074626865672,146.4179104477612,136.455223880597,24.17910447761194,21.72388059701493,19.470149253731343,4.708955223880597,1.0671641791044777,0.8208955223880597,19.291044776119403,10.402985074626866,829.3134328358209,828.6492537313433,5.029850746268656,5.014925373134329,217.87313432835825,181.72388059701493,329.35074626865674,306.1044776119403,0.0223880597014925,0.0149253731343283,62.04477611940298,57.1044776119403,1248.6567164179105,1227.7014925373137,72.29850746268657,67.2089552238806,18.611940298507463,3.611940298507463,243.0820895522388,199.3358208955224,218.2388059701493
58,142,118418.42253521128,112581.37323943662,101948.40845070424,94539.1690140845,1805990517.556338,51224.68309859155,50156.71126760564,64287.73943661972,62718.788732394365,51033.51408450704,50004.32394366197,22027.056338028167,20599.035211267605,0.2382545372846995,222244574.13380283,1315.1478873239437,1304.2323943661972,709.3169014084507,604.5281690140845,87.33098591549296,81.67605633802818,233.1197183098592,195.2253521126761,150.23239436619718,82.88732394366197,37.67605633802817,33.683098591549296,1145.8169014084508,402.8450704225352,38.02112676056338,36.098591549295776,2.901408450704225,2.8943661971830985,48.056338028169016,43.84507042253521,16.485915492957748,16.422535211267604,0.028169014084507,0.028169014084507,38.69718309859155,36.04929577464789,107.61267605633805,103.6830985915493,35.309859154929576,32.67605633802817,144.6056338028169,56.1056338028169,66.30281690140845,58.90845070422535,44.309859154929576
68,180,358780.40555555554,343520.34444444446,367896.55,342464.72222222225,6289325960.205556,231422.31666666668,226089.11111111112,255863.9333333333,249071.76111111112,230789.35,225605.63888888888,76110.93333333333,70211.85,0.3349892011032965,890001393.9333333,3893.3333333333335,3857.505555555556,1986.8833333333328,1899.5611111111111,329.14444444444445,310.7111111111111,893.7777777777778,778.5388888888889,645.2388888888889,248.5388888888889,88.63333333333334,79.33333333333333,3957.1444444444446,1795.9277777777777,112.3,109.56666666666666,5.322222222222222,5.122222222222222,38.03888888888889,34.43888888888889,19.9,19.47777777777777,0.0111111111111111,0.0111111111111111,158.0388888888889,147.48888888888888,382.55,374.9222222222222,175.56666666666666,171.85555555555555,617.25,186.9611111111111,64.05,55.43333333333333,38.59444444444444
69,132,395006.6439393939,378070.6363636364,273288.07575757575,253406.6212121212,7808205564.356061,74162.26515151515,73234.89393939394,155990.06818181818,152837.1590909091,119281.47727272728,117357.88636363635,91634.05303030302,85549.22727272728,0.2669415359033391,105283664.57575758,4506.643939393939,4467.666666666667,2011.0454545454545,2479.8863636363635,345.6363636363636,324.219696969697,118.28787878787878,110.62121212121212,94.78030303030305,23.50757575757576,4.196969696969697,3.696969696969697,533.4772727272727,326.7575757575757,427.9090909090909,427.6136363636364,17.984848484848484,17.924242424242426,213.38636363636363,196.4621212121212,137.91666666666666,136.04545454545453,0.0606060606060606,0.0606060606060606,457.1742424242424,449.0681818181818,1308.4621212121212,1289.0530303030305,267.67424242424244,259.47727272727275,92.51515151515152,20.53787878787879,349.25,313.59090909090907,260.17424242424244
70,161,409319.14906832296,372447.7888198758,415663.4596273292,376532.6211180124,5352141237.63354,254801.2298136646,239539.91304347827,254085.8198757764,239008.9254658385,254085.68322981367,239008.8260869565,116033.3105590062,105180.37888198758,0.4465854573253001,239345480.20496893,4921.689440993789,4879.0496894409935,3525.968944099379,1354.136645962733,156.0062111801242,130.93788819875778,364.0124223602484,346.2546583850932,350.2546583850932,13.75776397515528,8.503105590062113,8.105590062111801,389.4223602484472,171.8198757763975,479.888198757764,469.9875776397516,9.838509316770187,9.652173913043478,85.03105590062111,67.40372670807453,29.32919254658385,27.919254658385093,0.0496894409937888,0.0496894409937888,117.27950310559008,104.22360248447204,335.7329192546584,327.8198757763975,69.77639751552795,66.56521739130434,336.45341614906835,11.391304347826088,124.22981366459628,99.59627329192548,94.80745341614907
83,186,247763.94086021505,232530.0483870968,243367.247311828,223042.370967742,15109342778.704302,43438.41935483871,42833.34946236559,160338.2634408602,155427.8440860215,133891.49462365592,130655.6989247312,59086.87634408602,55255.55913978495,0.2148927375895084,34401817.61827957,1579.736559139785,1531.016129032258,757.9784946236559,817.8440860215054,201.8494623655914,164.5483870967742,32.59139784946237,31.344086021505376,30.32258064516129,2.2688172043010755,2.413978494623656,2.349462365591398,46.22043010752688,22.661290322580644,180.994623655914,175.9193548387097,15.28494623655914,11.86021505376344,18.021505376344088,16.516129032258064,0.0,0.0,0.1774193548387097,0.1236559139784946,63.38709677419355,58.94086021505376,322.36559139784947,304.51075268817203,77.84946236559139,68.73655913978494,29.510752688172044,1.967741935483871,39.123655913978496,31.0752688172043,17.693548387096776
84,148,388081.1351351352,358192.9121621622,397140.60135135136,355196.5472972973,4608796610.128378,280748.4054054054,269618.3378378378,297274.4391891892,285393.49324324325,280227.79054054053,269309.1216216216,62890.49324324324,55406.69594594595,0.5232231589274884,267388957.75,8523.256756756757,8456.641891891892,3616.391891891892,4843.216216216216,792.6486486486486,766.472972972973,273.8513513513513,245.0810810810811,171.42567567567568,102.42567567567568,9.243243243243244,8.506756756756756,2645.885135135135,1575.75,166.59459459459458,165.8716216216216,14.824324324324325,14.574324324324325,88.49324324324324,84.5608108108108,45.18243243243244,42.61486486486486,0.2094594594594594,0.2094594594594594,605.6351351351351,580.4459459459459,942.2702702702704,926.277027027027,481.5067567567568,474.8783783783784,166.80405405405406,89.31756756756756,136.27702702702703,125.14864864864865,58.25675675675676
87,116,423155.0603448276,415081.8275862069,431884.9310344828,411627.0086206897,3866073671.603448,317942.0,315187.6206896552,317396.1379310345,314769.8448275862,317396.0517241379,314769.7586206897,81360.3448275862,76179.5172413793,0.3446909012576641,33605814.51724138,1208.9913793103449,1197.4310344827586,480.0086206896552,727.4310344827586,151.0,143.44827586206895,181.91379310344828,173.81896551724137,137.56034482758622,44.35344827586207,5.810344827586207,5.422413793103448,151.0344827586207,104.35344827586206,54.5,54.26724137931034,3.060344827586207,3.0172413793103448,71.86206896551724,69.3103448275862,12.56896551724138,12.491379310344827,0.0086206896551724,0.0086206896551724,113.94827586206895,107.38793103448276,161.8448275862069,156.7155172413793,50.96551724137931,47.0948275862069,135.38793103448276,41.8448275862069,90.23275862068964,83.35344827586206,26.905172413793103
88,126,76641.8492063492,74414.37301587302,70224.79365079365,66447.46825396825,967341738.7063493,32353.34126984127,32121.603174603173,47014.00793650794,46512.16666666666,32242.46031746032,32035.84126984127,13249.246031746032,12456.714285714286,0.1914456230000399,54442377.46825397,1771.9761904761904,1767.2222222222222,637.063492063492,1133.4761904761904,37.11904761904762,35.714285714285715,67.12698412698413,62.20634920634921,51.82539682539682,15.301587301587302,4.944444444444445,4.444444444444445,572.9126984126984,269.3412698412698,12.65079365079365,12.484126984126984,1.0634920634920637,1.0396825396825398,7.73015873015873,7.246031746031746,4.912698412698413,4.912698412698413,0.0,0.0,16.57936507936508,15.634920634920634,44.785714285714285,44.15873015873016,18.63492063492064,18.325396825396822,50.38095238095238,12.785714285714286,12.396825396825395,11.5,7.0
93,168,245525.0833333333,209067.3095238096,253996.69047619047,216647.8869047619,4427872664.113095,37141.208333333336,33738.166666666664,147549.35714285713,133218.8630952381,92219.53571428572,83923.31547619047,72657.11309523809,63232.40476190476,0.2501079314199296,159053492.39285713,1754.2916666666667,1723.0833333333333,1065.815476190476,685.5416666666666,179.8452380952381,160.48214285714286,363.1369047619048,330.7797619047619,253.67857142857144,109.45833333333331,27.36309523809524,24.642857142857142,600.2678571428571,333.5357142857143,320.36309523809524,316.48809523809524,7.75,7.619047619047619,96.21428571428572,86.04166666666667,46.208333333333336,41.208333333333336,14.327380952380953,13.36904761904762,281.8988095238095,241.92261904761904,288.3095238095238,276.5654761904762,87.47619047619048,81.4702380952381,244.52380952380952,96.5595238095238,149.0297619047619,128.11309523809524,69.30357142857143
94,180,176356.3111111111,164062.70555555556,173014.52222222224,154596.56666666668,7589945800.7,47791.57222222223,46193.89444444444,123113.77222222222,116940.85,98026.73333333334,93837.92777777778,34752.5,31149.88333333333,0.3373123427033102,115669778.6111111,2493.4166666666665,2418.0666666666666,1371.4444444444443,1098.8833333333334,422.5833333333333,370.4055555555556,281.8111111111112,268.02222222222224,261.5888888888889,20.22222222222222,8.283333333333333,7.866666666666666,441.4,287.4555555555556,249.9777777777778,249.45555555555555,15.844444444444443,15.77777777777778,22.23333333333333,19.76111111111112,13.36111111111111,12.516666666666667,0.0166666666666666,0.0166666666666666,180.82777777777773,171.23888888888888,467.2611111111111,438.0388888888889,151.9111111111111,143.10555555555555,252.37777777777777,18.494444444444444,43.24444444444445,37.05,18.48333333333333
95,153,165565.41176470587,158700.73856209152,141054.54248366013,131313.35947712418,3776912115.3202615,78294.86928104576,77422.66666666667,103758.9477124183,101451.60130718954,84250.62091503268,83161.01307189543,24014.124183006537,22209.745098039217,0.2211977106472734,317037277.88235295,3516.947712418301,3494.222222222222,1476.450980392157,2037.2941176470588,171.09150326797385,160.48366013071896,233.7516339869281,221.9869281045752,203.0718954248366,30.679738562091504,6.594771241830065,6.130718954248366,1952.954248366013,759.1633986928105,51.50980392156863,50.869281045751634,5.882352941176471,5.869281045751634,100.60130718954248,94.3921568627451,29.62745098039216,29.392156862745097,0.0130718954248366,0.0130718954248366,26.92156862745098,24.973856209150327,212.9803921568628,208.4183006535948,102.9281045751634,100.41830065359476,197.2418300653595,27.67320261437909,133.59477124183007,120.52941176470588,57.1764705882353
97,141,246653.75177304965,219164.4964539007,246502.5035460993,226593.8652482269,3544548536.35461,145699.74468085106,137748.55319148937,158986.35460992908,150441.01418439715,145309.9929078014,137463.12765957447,63429.21985815603,58266.40425531915,0.4518630728706516,34194163.872340426,1497.276595744681,1483.5815602836878,976.0780141843971,508.5035460992908,55.822695035461,47.39007092198582,93.55319148936172,90.34751773049643,90.38297872340424,3.1702127659574466,1.950354609929078,1.843971631205673,94.7517730496454,47.09219858156028,92.04964539007092,91.60283687943264,1.6950354609929077,1.6453900709219855,203.82978723404256,161.36879432624113,35.6241134751773,34.659574468085104,0.0070921985815602,0.0070921985815602,64.79432624113475,57.43971631205674,142.4255319148936,139.4822695035461,16.085106382978722,15.00709219858156,87.75886524822695,2.9574468085106385,245.19858156028369,195.3049645390071,218.97163120567376
104,108,616462.2314814815,593059.5648148148,627743.4444444445,580349.8518518518,8193463123.712963,334062.0555555556,327784.25,422114.3425925926,413082.50925925927,333375.1666666667,327284.14814814815,120311.61111111112,110630.74074074074,0.428971911754839,1582686171.148148,4941.990740740741,4902.0462962962965,2188.0,2741.777777777778,536.6111111111111,515.9722222222222,507.3240740740741,435.537037037037,264.1481481481481,243.17592592592592,100.37037037037037,88.66666666666667,3315.0185185185187,1905.6851851851848,235.2407407407408,233.3796296296296,19.25925925925926,18.36111111111111,97.45370370370372,89.54629629629629,0.0092592592592592,0.0092592592592592,0.2777777777777778,0.25,501.80555555555554,486.8333333333333,1711.7037037037037,1688.5185185185185,1272.2962962962963,1258.0277777777778,256.31481481481484,189.36111111111111,124.99074074074076,106.87962962962963,63.879629629629626
107,156,162704.85897435897,154802.69871794872,159380.87179487178,148218.32692307694,1950286598.897436,106960.7564102564,104570.69871794872,118180.72435897436,115460.08333333331,106746.58974358976,104426.57051282052,20043.07692307692,18148.0641025641,0.244775850947095,76762622.27564102,1112.525641025641,1103.8076923076924,392.62179487179486,715.5897435897435,125.23076923076924,120.07692307692308,71.32692307692308,66.5,56.98076923076923,14.346153846153848,3.923076923076923,3.6794871794871793,582.7820512820513,331.95512820512823,28.0,27.96153846153846,1.8974358974358967,1.891025641025641,18.35897435897436,17.525641025641026,6.153846153846154,5.897435897435898,0.0192307692307692,0.0192307692307692,75.61538461538461,68.14102564102564,116.91666666666669,114.8846153846154,67.83333333333333,66.58333333333333,55.71794871794872,11.846153846153848,25.307692307692307,23.435897435897434,10.282051282051285
109,184,110757.59239130437,106603.71195652174,105225.68478260867,98499.0054347826,2826769862.4347825,43174.483695652176,42779.961956521736,66794.83695652174,65532.42934782609,58036.54891304348,57291.5652173913,24716.07608695652,23174.52173913044,0.3249224937614265,39100425.95652174,648.070652173913,636.9239130434783,338.2554347826087,306.3097826086956,90.79347826086956,83.52717391304348,24.68478260869565,22.66304347826087,18.08695652173913,6.5978260869565215,0.7282608695652174,0.6739130434782609,55.28804347826087,33.92934782608695,70.27717391304348,70.10326086956522,2.9239130434782608,2.907608695652174,11.896739130434783,11.048913043478262,9.98913043478261,9.467391304347826,0.0326086956521739,0.0271739130434782,43.28804347826087,41.255434782608695,148.28804347826087,142.45108695652175,44.994565217391305,42.57065217391305,17.592391304347824,5.581521739130435,23.32608695652174,20.88586956521739,13.016304347826088
114,107,483267.9719626168,462443.0186915888,455592.1588785047,423608.67289719626,8280271777.663551,249835.5514018692,246810.19626168223,331440.4859813084,324992.5327102804,249142.2336448598,246301.89719626168,74137.92523364486,67994.3738317757,0.1786581098587341,705944665.5981308,10634.878504672895,10572.897196261682,5229.915887850468,5390.093457943925,442.4579439252336,414.2897196261682,569.9252336448598,432.4018691588785,286.50467289719626,283.4205607476636,66.80373831775701,54.65420560747664,5905.355140186916,2626.420560747664,124.10280373831776,122.5140186915888,5.102803738317757,5.046728971962617,57.1588785046729,53.20560747663552,15.962616822429906,15.63551401869159,0.02803738317757,0.02803738317757,287.3738317757009,275.4392523364486,973.9158878504672,951.6448598130842,681.5700934579439,668.3271028037383,275.8130841121495,174.62616822429908,84.65420560747664,75.23364485981308,45.57943925233645
119,186,223700.123655914,209290.0483870968,226073.2258064516,206862.11290322585,2439058613.532258,159563.28494623656,153671.22043010753,166832.01075268816,160704.02150537635,159145.44623655913,153392.9623655914,34143.17741935484,30443.2688172043,0.5391895534830867,69627239.97311828,1295.747311827957,1277.494623655914,606.2258064516129,676.263440860215,211.76344086021504,199.2688172043011,80.0752688172043,72.15053763440861,44.564516129032256,35.51075268817204,3.553763440860215,3.1881720430107525,571.1505376344086,390.1720430107527,73.48387096774194,73.18817204301075,4.586021505376344,4.516129032258065,25.344086021505376,24.40322580645161,10.172043010752688,9.935483870967742,0.0161290322580645,0.0161290322580645,391.73655913978496,376.76344086021504,193.8924731182796,190.08602150537635,80.94623655913979,79.30645161290323,43.704301075268816,31.33870967741936,38.83870967741935,35.86021505376344,18.317204301075268
121,184,132496.25543478262,125504.15760869563,125557.67391304349,113150.51086956522,5010851013.282609,34199.55434782609,33785.61956521739,88837.01086956522,85882.95652173914,71038.91847826086,69215.11413043478,26846.95108695652,24502.10869565217,0.1983840538281167,67917940.82065217,1918.369565217392,1882.744565217392,760.8369565217391,1145.141304347826,279.58152173913044,255.1086956521739,17.48913043478261,15.152173913043478,11.701086956521738,5.788043478260869,1.3641304347826086,1.233695652173913,138.08152173913044,71.69021739130434,81.45652173913044,81.26086956521739,9.255434782608695,9.184782608695652,14.130434782608695,13.076086956521738,7.951086956521739,7.364130434782608,0.0163043478260869,0.0163043478260869,99.82065217391305,90.84239130434784,196.30978260869568,188.4510869565217,100.6413043478261,96.16847826086956,11.233695652173912,4.451086956521739,24.907608695652176,22.407608695652176,10.581521739130435
125,106,325462.43396226416,316558.4528301887,335927.5566037736,315667.06603773584,4288338693.8867927,201826.0566037736,198729.37735849057,222855.641509434,219091.45283018867,200963.2735849057,198001.1320754717,92403.09433962264,87096.03773584905,0.3854174223991489,153118274.745283,925.254716981132,914.122641509434,453.47169811320754,470.4528301886792,92.188679245283,85.32075471698113,119.3867924528302,115.22641509433964,109.12264150943396,10.264150943396226,3.9056603773584895,3.707547169811321,254.9528301886793,154.89622641509433,59.25471698113208,56.198113207547166,1.8113207547169807,1.7641509433962264,21.41509433962264,19.57547169811321,8.830188679245284,8.754716981132075,0.0188679245283018,0.0188679245283018,42.56603773584906,34.35849056603774,200.18867924528303,195.3584905660377,48.81132075471698,45.943396226415096,106.6132075471698,9.462264150943396,35.95283018867924,32.0377358490566,22.858490566037737
132,186,451029.8870967742,395417.9946236559,426262.8978494624,365838.36559139786,41288613062.97312,45266.63978494624,41207.086021505376,248973.98924731184,226985.4623655914,224104.688172043,205908.7580645161,128188.1989247312,110915.27956989247,0.152972038850247,92927649.15053764,3919.7258064516127,3700.360215053764,2564.05376344086,1345.3655913978494,564.3548387096774,397.494623655914,135.18279569892474,122.13440860215054,118.66666666666669,16.516129032258064,8.188172043010752,7.532258064516129,147.3978494623656,69.8763440860215,559.1021505376344,554.510752688172,14.951612903225806,14.548387096774194,118.48924731182797,90.16129032258064,0.0,0.0,0.2096774193548387,0.1881720430107527,224.3548387096774,189.86559139784947,1168.6505376344087,1074.532258064516,224.25806451612905,169.88709677419354,110.36559139784946,13.268817204301076,202.94086021505376,143.24193548387098,138.2258064516129
134,140,145697.50714285715,138883.9642857143,123940.52857142856,114797.81428571428,1936063192.2571428,78788.55,77237.35714285714,90855.21428571428,88872.91428571429,78610.67857142857,77117.29285714286,20238.60714285714,18526.164285714287,0.2432306878580318,455610347.3428571,2259.3357142857144,2242.828571428572,912.1285714285714,1342.7285714285715,143.29285714285714,135.0,161.50714285714287,148.05,110.60714285714286,50.9,12.621428571428572,11.585714285714284,2004.4071428571428,907.0857142857144,35.40714285714286,35.01428571428571,4.5285714285714285,4.521428571428571,35.27857142857143,33.22142857142857,8.807142857142857,8.728571428571428,0.0285714285714285,0.0285714285714285,107.93571428571428,102.47142857142858,416.9,408.9,325.0857142857143,319.3071428571429,107.48571428571428,44.34285714285714,47.16428571428571,42.82857142857143,18.26428571428572
135,111,121152.97297297296,116543.53153153154,91825.36936936936,86787.58558558559,983988663.1621622,53240.85585585586,52478.54954954955,55016.7927927928,54238.882882882885,53131.51351351351,52395.40540540541,19555.324324324323,18411.3963963964,0.3385520349494111,77343175.97297297,1275.4774774774776,1270.8108108108108,571.5045045045046,702.1891891891892,49.333333333333336,47.47747747747748,38.55855855855856,36.891891891891895,32.450450450450454,6.108108108108108,1.648648648648649,1.6036036036036037,270.01801801801804,129.51351351351352,27.405405405405407,27.31531531531532,1.6666666666666667,1.6666666666666667,7.225225225225225,6.747747747747748,3.684684684684685,3.5945945945945947,0.009009009009009,0.009009009009009,32.891891891891895,31.027027027027028,55.78378378378378,54.74774774774775,18.504504504504503,18.07207207207207,31.774774774774773,5.54054054054054,11.873873873873874,10.684684684684685,5.981981981981982
136,162,197922.11111111112,170505.67901234567,180023.56172839506,151633.56172839506,9959899147.617285,6405.808641975309,5734.604938271605,124611.43209876544,112625.1975308642,101298.31481481482,92255.06790123456,29358.07407407408,24698.20987654321,0.1381143375657683,210861161.0925926,4493.567901234568,4358.876543209876,2265.438271604938,2172.635802469136,609.8024691358024,525.1666666666666,214.73456790123456,181.3827160493827,120.5,94.23456790123456,13.425925925925926,11.697530864197532,1816.5987654320988,945.3456790123456,553.4814814814815,552.6172839506173,29.246913580246915,29.049382716049383,39.91975308641975,34.91975308641975,26.05555555555556,23.012345679012345,0.0987654320987654,0.0925925925925925,186.08641975308643,175.14197530864195,834.4135802469136,783.3395061728395,361.6666666666667,341.1975308641975,113.53086419753086,74.22222222222223,81.29629629629629,65.5679012345679,35.888888888888886
138,156,206756.2115384616,190419.0320512821,179105.46153846153,163952.79487179487,3212868435.698718,101369.33974358976,98493.95512820513,127658.52564102564,123344.7564102564,100998.53846153848,98216.45512820513,37312.057692307695,34481.28846153846,0.2487341150725898,284258784.1730769,1622.5384615384614,1608.0833333333333,706.6666666666666,912.8205128205128,126.1923076923077,117.7051282051282,484.6923076923077,438.7435897435897,386.1089743589744,98.58333333333331,31.05128205128205,28.65384615384616,1239.3397435897436,540.1987179487179,48.64102564102564,45.93589743589744,3.5064102564102564,3.448717948717949,66.02564102564102,60.69871794871795,33.083333333333336,32.6025641025641,0.0769230769230769,0.0769230769230769,51.66666666666666,46.333333333333336,274.78846153846155,269.6923076923077,160.98076923076923,158.51923076923077,372.21794871794873,75.21153846153847,98.48717948717947,88.46153846153847,60.74358974358975
139,122,287521.7049180328,262376.18032786885,297606.4016393443,264220.368852459,24299920702.688526,38458.17213114754,36982.05737704918,199495.2213114754,186407.4344262295,176018.59016393442,165635.47540983607,66523.16393442624,60042.10655737705,0.0917993736156803,208523725.0819672,5170.9672131147545,4948.008196721312,2604.3032786885246,2517.467213114754,992.6639344262296,833.2704918032787,310.3196721311475,271.9590163934426,266.40983606557376,43.90983606557377,15.655737704918034,13.836065573770492,568.9344262295082,295.6803278688525,753.8770491803278,752.4672131147541,29.4672131147541,29.049180327868854,30.975409836065573,26.49180327868853,26.5,23.89344262295082,1.926229508196721,1.836065573770492,143.9344262295082,128.74590163934425,916.6229508196722,852.9180327868852,327.41803278688525,292.88524590163934,251.31147540983608,30.5327868852459,76.07377049180327,62.82786885245902,39.00819672131148
140,186,410279.9516129032,396642.4516129032,411399.98924731184,385665.8602150538,8733576104.57527,231559.71505376344,228465.9086021505,288288.623655914,282701.40860215056,249190.5,245631.3817204301,81145.13978494624,75802.97311827957,0.3017331949190751,961504215.4569892,6621.811827956989,6581.935483870968,3033.930107526882,3580.1505376344085,363.5967741935484,344.5752688172043,447.0430107526882,411.3817204301075,217.46774193548387,229.5752688172043,63.13978494623656,61.2258064516129,5329.822580645161,2341.940860215054,95.24193548387096,94.52150537634408,11.349462365591398,11.263440860215054,110.76344086021506,105.96774193548389,36.7258064516129,36.5268817204301,0.0161290322580645,0.0161290322580645,182.1827956989248,173.05376344086022,403.1827956989248,396.3494623655914,215.3978494623656,211.5,212.86021505376343,203.26344086021504,150.19354838709677,138.20967741935485,68.52688172043011
141,76,54306.94736842105,51183.01315789474,56562.13157894737,51813.43421052631,555796283.5263158,34191.77631578947,33038.63157894737,34129.64473684211,32994.27631578947,34129.63157894737,32994.26315789474,13860.723684210529,12811.526315789471,0.3139052713696529,38768901.17105264,564.5394736842105,561.5657894736842,197.25,365.9473684210527,35.26315789473684,34.0921052631579,33.86842105263158,31.82894736842105,26.0,7.868421052631579,0.7763157894736842,0.6710526315789473,54.11842105263158,38.31578947368421,99.27631578947368,99.19736842105264,1.3157894736842106,1.3026315789473684,14.973684210526317,13.75,12.0,11.539473684210526,0.0394736842105263,0.0394736842105263,28.36842105263158,25.75,77.5657894736842,76.9342105263158,10.171052631578949,9.88157894736842,25.67105263157895,7.171052631578948,25.09210526315789,23.07894736842105,18.539473684210527
142,106,27516.63207547169,26684.490566037737,27305.490566037737,25709.07547169812,1693504988.3018868,4696.698113207547,4663.61320754717,18590.03773584905,18137.64150943396,14577.462264150943,14306.367924528302,6064.83962264151,5744.11320754717,0.2264064402125614,112713421.9245283,186.0,178.41509433962264,102.62264150943396,83.13207547169812,23.69811320754717,17.09433962264151,77.31132075471699,66.28301886792453,58.74528301886792,18.56603773584905,4.367924528301887,3.7735849056603774,180.41509433962264,83.56603773584905,12.952830188679243,12.952830188679243,0.6226415094339622,0.6226415094339622,0.8962264150943396,0.8679245283018868,0.4622641509433962,0.4622641509433962,0.0094339622641509,0.0094339622641509,8.61320754716981,8.20754716981132,28.264150943396228,27.38679245283019,8.735849056603774,8.216981132075471,55.65094339622642,13.160377358490566,2.10377358490566,1.990566037735849,1.19811320754717
157,138,145060.1884057971,123641.78260869563,107348.7536231884,88853.06521739131,1714523198.1811595,25652.63768115942,24969.079710144928,65690.03623188406,60739.16666666666,42556.27536231884,41084.891304347824,28229.615942028984,25282.39855072464,0.1912338848610109,333824777.85507244,1451.1014492753625,1426.9420289855072,536.6376811594203,908.6666666666666,347.6666666666667,331.8840579710145,403.6231884057971,332.7536231884058,264.1014492753623,139.52173913043478,51.98550724637681,46.34057971014493,2002.9782608695648,973.6884057971016,108.8913043478261,106.44202898550724,38.48550724637681,37.72463768115942,69.03623188405797,66.51449275362319,9.0,8.826086956521738,3.5217391304347827,3.398550724637681,190.9927536231884,184.1231884057971,471.5579710144928,460.5072463768116,422.84057971014494,413.81159420289856,234.8768115942029,115.30434782608695,85.44202898550725,77.32608695652173,13.992753623188406
159,168,212973.6130952381,203774.44047619047,210813.09523809524,194586.97619047613,8712184254.958334,54083.84523809524,53366.16071428572,132259.81547619047,128292.42261904762,118209.90476190476,115630.89285714286,60306.017857142855,56301.92261904762,0.2666616251732395,250322433.66666663,2407.654761904762,2363.5059523809523,1162.6488095238096,1233.309523809524,318.1369047619048,289.625,56.67857142857143,53.55952380952381,46.05952380952381,10.61904761904762,4.482142857142857,3.976190476190476,823.7321428571429,492.17261904761904,354.55357142857144,354.1845238095238,25.226190476190474,25.07738095238096,9.666666666666666,8.785714285714286,8.708333333333334,8.214285714285714,0.6785714285714286,0.6369047619047619,151.52380952380952,144.88095238095238,315.86309523809524,303.1547619047619,167.57142857142858,159.0,44.86904761904762,9.482142857142858,23.142857142857142,20.22023809523809,12.68452380952381
160,180,49749.77777777778,47633.78888888889,46935.95,43490.41666666666,3624216224.3722224,2852.155555555556,2819.277777777778,25620.47777777777,24863.244444444445,18162.805555555555,17696.51111111111,12389.43888888889,11645.722222222224,0.1126953240561171,100275846.08888888,1396.8722222222225,1376.0666666666666,1002.4222222222222,391.5833333333333,63.25,52.99444444444445,113.63888888888889,106.84444444444443,106.99444444444444,6.644444444444445,3.5166666666666666,3.316666666666667,276.7055555555556,108.80555555555556,135.98888888888888,135.76666666666668,1.5666666666666669,1.5555555555555556,164.5,133.87222222222223,41.99444444444445,41.13333333333333,0.0222222222222222,0.0222222222222222,14.316666666666666,13.566666666666666,170.98888888888888,165.55555555555554,28.494444444444444,26.05,102.05555555555556,5.705555555555556,214.6833333333333,173.28333333333333,191.32222222222225
162,162,236908.17283950612,225498.82716049385,241041.17901234567,221562.02469135803,13849963220.314816,20437.91358024692,20010.524691358023,145466.56172839506,140400.17283950618,120013.79012345678,116479.72839506171,64233.67283950617,59944.14814814815,0.1681384140940848,369149074.0925926,4275.253086419753,4209.481481481482,2547.6728395061727,1718.5617283950617,284.3395061728395,243.7530864197531,271.0925925925926,247.99382716049385,200.8703703703704,70.22222222222223,17.549382716049383,16.253086419753085,794.604938271605,417.0061728395062,301.8395061728395,299.5246913580247,6.092592592592593,6.006172839506172,425.0061728395062,366.1234567901234,103.04320987654322,101.0679012345679,0.0308641975308641,0.0308641975308641,81.45679012345678,77.69135802469135,565.9629629629629,543.141975308642,135.74074074074073,121.95679012345678,193.90740740740745,60.7037037037037,548.320987654321,462.6666666666667,401.9506172839506
163,186,193620.77956989247,173632.77956989247,125724.59677419356,118336.75806451614,4234696907.569893,54684.82258064516,53634.68279569892,75254.62365591398,73383.05913978495,66354.8440860215,64871.8870967742,34029.55913978495,31997.456989247312,0.2782392994448282,23557731.107526883,1531.6344086021506,1509.252688172043,974.537634408602,553.7150537634409,67.93548387096774,52.553763440860216,26.72043010752688,25.370967741935484,25.0,1.7204301075268815,0.5698924731182796,0.5483870967741935,78.94086021505376,37.575268817204304,77.08602150537635,77.01075268817205,1.8655913978494625,1.8172043010752688,11.349462365591398,9.82258064516129,7.67741935483871,7.462365591397849,0.0161290322580645,0.0161290322580645,44.704301075268816,40.435483870967744,128.94623655913978,119.01612903225806,24.086021505376344,18.688172043010752,24.091397849462364,1.403225806451613,22.78494623655914,19.548387096774192,16.102150537634408
166,123,142379.918699187,135892.69105691058,146350.52845528454,136421.66666666666,2899299475.520325,72636.21138211382,71506.47967479675,93341.60975609756,91357.63414634146,73212.9918699187,72092.73983739837,32429.9837398374,30307.642276422765,0.267098795402084,220681511.2926829,877.6422764227642,867.780487804878,398.2276422764228,478.0406504065041,85.95121951219512,79.48780487804878,270.5691056910569,213.8048780487805,147.3739837398374,123.1951219512195,21.54471544715447,18.75609756097561,439.5365853658537,240.3008130081301,33.13008130081301,33.02439024390244,2.073170731707317,2.016260162601626,45.113821138211385,40.76422764227642,14.682926829268292,14.528455284552846,0.008130081300813,0.008130081300813,58.15447154471545,54.333333333333336,212.66666666666663,208.7317073170732,117.16260162601624,115.01626016260164,141.97560975609755,77.97560975609755,62.24390243902439,55.040650406504064,49.073170731707314
168,185,145451.23243243244,141779.74594594594,131069.1027027027,117370.25945945946,2641863275.810811,4636.702702702703,4591.691891891892,62972.21081081081,61577.697297297294,49264.64864864865,48669.902702702704,56680.44864864865,53337.30270270271,0.1868219681597154,210902625.05405405,1514.7837837837835,1497.7135135135136,689.627027027027,823.4270270270271,223.15675675675675,215.7027027027027,209.22702702702705,178.9081081081081,105.75675675675676,103.47027027027028,20.0,16.486486486486488,819.081081081081,416.5135135135135,191.04864864864865,188.97297297297297,5.205405405405405,5.167567567567567,108.67567567567568,103.12432432432432,0.0,0.0,0.0648648648648648,0.0648648648648648,241.29189189189188,234.6810810810811,333.05405405405406,326.772972972973,93.35675675675677,91.16216216216216,103.02702702702705,84.37837837837837,127.2162162162162,113.15675675675676,42.46486486486487
169,163,146630.58282208588,133113.93251533742,143214.22085889571,126001.83435582822,7280210277.13497,14688.515337423312,13742.993865030674,90574.57668711655,84759.42944785276,75583.84662576688,71167.98159509203,35704.766871165644,31790.306748466257,0.1350877101202405,11995694.742331289,848.9079754601227,812.7423312883435,404.0368098159509,438.7852760736196,180.7116564417178,154.25153374233128,10.208588957055214,9.337423312883436,7.987730061349693,2.220858895705521,0.4417177914110429,0.4233128834355828,14.368098159509202,11.030674846625766,114.7239263803681,114.6441717791411,8.104294478527608,8.061349693251534,9.766871165644172,8.404907975460123,6.619631901840491,5.668711656441718,0.0920245398773006,0.0920245398773006,72.57055214723927,62.4601226993865,205.638036809816,190.20245398773005,56.45398773006135,50.20858895705521,7.638036809815951,1.969325153374233,20.84049079754601,17.503067484662576,9.92638036809816
171,179,250741.54189944133,232182.72625698324,256497.34636871508,237869.4972067039,2886532705.603352,161375.79888268156,154818.43016759778,174510.72067039105,167397.30726256984,161159.23463687152,154654.18994413406,58953.33519553073,53739.960893854746,0.4844221746869323,10556790.240223464,643.2905027932961,629.2905027932961,312.7486033519553,329.9720670391061,86.15083798882682,76.89385474860335,9.29608938547486,9.039106145251395,8.675977653631286,0.6201117318435754,0.5083798882681564,0.435754189944134,13.474860335195531,8.815642458100559,72.99441340782123,72.88826815642459,1.659217877094972,1.6536312849162011,20.13966480446928,18.201117318435752,11.128491620111731,10.905027932960891,0.0055865921787709,0.0055865921787709,71.4804469273743,63.502793296089386,185.83240223463687,181.2067039106145,33.87150837988827,31.68156424581005,8.502793296089385,0.5642458100558659,36.3463687150838,31.664804469273744,26.636871508379887
177,138,447317.6884057971,429288.2028985507,456015.7246376812,420975.89130434784,12736744272.905798,103538.76811594205,102345.17391304349,306263.731884058,298923.6376811594,275143.0144927536,270419.02173913043,101495.64492753622,94020.32608695651,0.3221482360777454,1249432023.7463768,15295.123188405798,15202.072463768116,5941.507246376812,9301.710144927536,648.7173913043479,612.195652173913,538.731884057971,504.5,417.5434782608696,121.18840579710144,22.07246376811594,19.768115942028984,5074.913043478261,2137.695652173913,404.963768115942,404.0,30.91304347826087,30.7536231884058,150.34782608695653,142.2608695652174,36.55797101449275,35.61594202898551,0.0507246376811594,0.0507246376811594,315.1666666666667,300.9782608695652,848.6376811594203,833.2536231884058,397.4710144927536,389.4202898550725,408.6014492753623,107.7536231884058,202.3405797101449,181.9275362318841,67.8913043478261
179,168,282752.3571428572,259977.0595238096,290484.75,257573.6369047619,2730798825.5119047,202496.9821428572,191754.7857142857,201819.1547619048,191333.3809523809,201818.9642857143,191333.24404761905,64746.10119047619,57514.77380952381,0.3842186355621511,266730806.25,6649.113095238095,6580.202380952381,3069.2678571428573,3474.04761904762,627.3988095238095,599.8630952380952,939.3928571428572,866.1071428571429,694.2619047619048,245.1309523809524,55.625,52.07142857142857,2788.3928571428573,1332.190476190476,373.3511904761905,369.1547619047619,19.839285714285715,19.49404761904762,181.3392857142857,172.54761904761904,99.63095238095238,96.41071428571428,2.6547619047619047,2.5416666666666665,570.4880952380952,542.5595238095239,693.1130952380952,679.5833333333334,191.8690476190476,187.3392857142857,671.2857142857143,220.04761904761904,276.7678571428572,251.7083333333333,122.67857142857144
180,120,248026.5,209892.5,154944.75,135769.30833333332,6451432527.108334,34387.1,34039.875,94271.60833333334,90353.26666666666,82060.96666666666,79889.525,46599.13333333333,42575.91666666666,0.1702613056044312,194412780.675,5541.566666666667,5474.916666666667,2138.883333333333,3378.083333333333,366.625,336.475,140.55833333333334,128.21666666666667,110.24166666666666,30.316666666666663,11.366666666666667,9.091666666666669,980.2166666666668,533.125,310.18333333333334,309.4,44.225,44.00833333333333,19.10833333333333,17.325,11.925,11.45,0.0083333333333333,0.0083333333333333,71.35,68.76666666666667,315.95,305.175,166.26666666666668,160.175,104.28333333333332,26.925,34.75,29.991666666666667,15.866666666666667
183,126,297327.1587301588,287925.2380952381,305645.6746031746,283340.9365079365,25280262399.920635,26633.85714285714,26356.722222222223,180350.96825396825,175653.3015873016,150376.32539682538,146949.0158730159,86686.38888888889,81493.59523809524,0.1676099379690072,169665256.9920635,4315.81746031746,4208.357142857143,2270.174603174604,2031.8333333333333,420.9761904761905,342.1587301587302,60.007936507936506,54.6031746031746,47.62698412698413,12.38095238095238,6.222222222222222,4.587301587301587,488.57936507936506,215.72222222222223,208.63492063492063,207.65873015873007,9.626984126984128,9.547619047619047,37.76190476190476,34.87301587301587,14.38095238095238,14.134920634920634,0.0238095238095238,0.0079365079365079,106.38095238095238,99.42857142857144,556.7539682539683,517.0873015873016,194.8174603174604,170.29365079365078,45.45238095238095,9.825396825396826,68.18253968253968,60.57936507936508,45.007936507936506
184,129,562063.3953488372,534999.7131782946,488507.7906976744,444721.2093023256,36884824779.00775,88633.58139534884,87999.13178294574,327982.3488372093,317392.87596899224,300516.2248062015,293087.5348837209,113496.97674418605,104665.48062015504,0.1009303006190519,914379330.9457364,16152.798449612405,15780.496124031008,7423.767441860465,8684.077519379845,1484.9612403100775,1243.3798449612402,872.5891472868217,744.7751937984497,671.6976744186046,200.89147286821705,45.13953488372093,39.75193798449613,6636.930232558139,2439.6356589147285,551.2015503875969,549.2248062015503,35.51937984496124,35.24806201550388,116.15503875968992,105.14728682170542,39.775193798449614,38.93023255813954,0.0697674418604651,0.0620155038759689,268.73643410852713,255.62790697674416,1479.813953488372,1407.5038759689924,622.5736434108527,581.7906976744187,629.9767441860465,160.0077519379845,192.0,160.57364341085272,92.87596899224806
190,168,372897.4345238095,300793.15476190473,381081.7023809524,312838.50595238095,4308914155.898809,268097.5,231535.1071428572,275386.1011904762,237713.0892857143,267424.4821428572,231214.16666666663,73855.46428571429,60680.90476190476,0.4973560497494026,245751159.43452385,3746.3333333333335,3660.642857142857,1925.422619047619,1682.922619047619,729.952380952381,676.2559523809524,850.3452380952381,771.7619047619048,545.202380952381,305.1428571428572,33.20238095238095,29.785714285714285,1455.047619047619,834.5,211.3928571428572,209.94642857142856,13.541666666666666,13.273809523809524,335.8809523809524,308.2083333333333,137.41666666666666,125.26190476190476,0.2559523809523809,0.25,405.6547619047619,344.3988095238095,797.1130952380952,773.5238095238095,313.4642857142857,302.98809523809524,529.0238095238095,275.30357142857144,467.6369047619048,413.4761904761905,206.89880952380952
191,161,230022.67080745345,222274.60248447204,228978.11801242235,215068.298136646,3187845933.130435,151477.60869565216,149409.11180124222,158280.16149068324,156064.2795031056,151103.38509316772,149122.9751552795,42305.24844720497,39542.63975155279,0.4350002694554888,299628926.0372671,6410.291925465838,6387.416149068323,2375.608695652174,4017.788819875776,215.7701863354037,207.6024844720497,143.06211180124222,136.85093167701862,118.58385093167702,24.47826086956522,5.490683229813665,5.186335403726708,2014.993788819876,1024.391304347826,52.70186335403727,52.254658385093165,3.795031055900621,3.739130434782609,61.6832298136646,58.07453416149068,0.0,0.0,0.15527950310559,0.1490683229813664,103.12422360248448,98.88198757763976,199.2670807453416,196.37888198757764,73.19254658385093,71.7888198757764,116.03105590062113,22.354037267080745,74.3167701863354,66.4472049689441,32.745341614906835
192,167,130519.83233532934,118800.70658682636,128005.1736526946,112867.96407185627,7865924679.712575,31027.35928143713,30620.58083832336,73073.66467065868,69474.09580838324,57550.74251497006,55217.706586826345,25283.065868263475,22624.86826347305,0.1617524982755407,63656571.19760479,2508.928143712574,2460.2814371257487,1123.616766467066,1370.934131736527,360.7005988023952,329.9820359281437,26.994011976047904,23.65868263473054,18.35329341317365,8.640718562874252,1.5508982035928145,1.2994011976047903,179.437125748503,101.1377245508982,217.75449101796409,217.30538922155688,18.0,17.808383233532933,14.383233532934131,13.730538922155688,3.7005988023952097,3.5449101796407185,0.029940119760479,0.029940119760479,67.20359281437126,61.59281437125748,268.688622754491,257.67664670658684,133.08383233532933,125.7185628742515,17.38323353293413,7.035928143712575,23.850299401197606,21.20359281437126,7.934131736526946
193,144,418196.4236111111,376914.0972222223,416097.9791666667,372929.6041666667,7258036629.590278,186249.19444444444,176788.35416666666,252087.36111111112,237427.63194444444,185370.61111111112,176144.69444444444,127275.72916666669,117239.07638888888,0.3681001437690067,175101263.43055555,4782.75,4716.972222222223,3253.6666666666665,1476.2430555555557,342.9861111111111,306.9166666666667,502.34027777777777,466.11805555555554,380.63194444444446,121.70833333333331,11.430555555555555,10.53472222222222,554.9583333333334,303.90277777777777,645.3541666666666,641.9236111111111,16.541666666666668,16.208333333333332,2101.0625,1789.3333333333333,664.6736111111111,650.0347222222222,0.2569444444444444,0.2291666666666666,184.21527777777777,164.80555555555554,864.3472222222222,838.7152777777778,162.70138888888889,154.19444444444446,368.2638888888889,110.65972222222224,2789.145833333333,2364.208333333333,2360.8819444444443
196,186,375766.317204301,339194.25268817204,363144.5967741936,324794.376344086,13903029289.080645,158139.09677419355,151105.688172043,257938.88709677412,242831.5483870968,233296.75268817204,220679.4086021505,73783.9247311828,65517.42473118279,0.3572401325587673,289134906.2688172,8154.779569892473,8058.123655913979,3259.822580645161,4864.951612903225,670.8548387096774,616.6935483870968,333.3279569892473,306.0537634408602,244.70430107526883,88.6236559139785,13.36021505376344,11.994623655913978,2812.6021505376343,1550.258064516129,257.81182795698925,257.494623655914,22.193548387096776,22.118279569892472,104.8494623655914,98.41397849462363,64.95161290322581,61.29032258064516,0.7258064516129032,0.6505376344086021,464.3494623655914,431.3924731182796,572.763440860215,549.6505376344086,236.08602150537635,225.3279569892473,238.94086021505376,77.55376344086021,171.4784946236559,155.11290322580646,85.53763440860214
197,159,371530.4402515724,344814.08176100627,376416.93081761006,336292.23899371066,6046107945.597485,196013.2704402516,190358.9182389937,228123.9119496856,220514.8050314465,195514.40251572328,189984.23270440253,99343.96855345913,91173.16981132075,0.3344686491347601,462646628.327044,3245.584905660377,3219.22641509434,1692.1006289308175,1539.6729559748428,229.8427672955975,215.2830188679245,160.70440251572327,150.32075471698113,128.1761006289308,32.528301886792455,7.182389937106918,6.672955974842767,994.509433962264,519.377358490566,552.0943396226415,550.4088050314465,40.735849056603776,40.477987421383645,131.61635220125785,120.0880503144654,33.9748427672956,33.65408805031446,0.0754716981132075,0.0628930817610062,241.1320754716981,228.98742138364776,409.3962264150944,401.38993710691824,165.01257861635222,160.66666666666666,124.99371069182388,27.867924528301888,175.28301886792454,154.9559748427673,107.79245283018868
200,161,183782.11180124225,179361.52795031056,81066.55279503105,75837.8447204969,3482977210.931677,8395.72049689441,8339.645962732919,50102.40372670807,49140.07453416149,36810.51552795031,36283.70807453416,21461.88819875776,20172.98757763976,0.1304257549641643,132845717.9689441,814.0124223602485,803.0124223602485,361.5403726708074,448.2919254658385,87.5776397515528,80.84472049689441,119.00621118012424,109.78260869565216,90.8944099378882,28.111801242236027,7.074534161490683,6.478260869565218,325.60869565217394,160.70807453416148,33.85093167701864,33.68944099378882,3.254658385093168,3.217391304347826,46.130434782608695,42.74534161490684,10.86335403726708,10.79503105590062,0.0434782608695652,0.0434782608695652,102.4223602484472,100.055900621118,95.98757763975156,92.46583850931675,42.024844720496894,40.22360248447205,88.51552795031056,23.795031055900623,59.36645962732919,53.11180124223603,28.90683229813665
201,79,24607.13924050633,23269.848101265823,24919.06329113924,22942.20253164557,263058567.8607595,11299.0,10946.506329113923,11274.06329113924,10926.354430379746,11274.037974683544,10926.32911392405,10909.620253164558,10333.683544303798,0.198002203050136,2433646.898734177,170.65822784810126,169.4430379746835,88.68354430379746,81.89873417721519,11.759493670886076,11.177215189873415,13.518987341772153,13.177215189873415,13.0126582278481,0.5063291139240507,0.5822784810126582,0.5443037974683544,8.670886075949367,4.417721518987341,27.696202531645568,27.696202531645568,0.240506329113924,0.240506329113924,16.265822784810126,14.08860759493671,22.21518987341772,22.0,0.0,0.0,7.518987341772152,7.050632911392405,92.0253164556962,91.18987341772151,4.430379746835443,4.215189873417722,12.810126582278482,0.4556962025316455,38.10126582278481,34.53164556962025,36.54430379746835
202,186,114746.91935483873,104938.77956989247,105171.23655913978,95581.67741935483,720535844.016129,39799.52688172043,39192.27419354839,42824.75806451613,42106.74731182796,39704.37096774193,39116.45698924731,43636.40322580645,40878.40322580645,0.3082768229525774,37193054.38172043,1818.263440860215,1808.037634408602,852.8494623655914,960.1935483870968,77.6236559139785,73.90322580645162,135.03225806451613,129.3494623655914,127.38172043010752,7.650537634408602,3.650537634408602,3.403225806451613,145.66129032258064,92.28494623655914,1411.3817204301076,1409.9301075268818,39.19892473118279,38.96774193548387,3.913978494623656,3.639784946236559,1.3440860215053765,1.3440860215053765,0.043010752688172,0.043010752688172,97.99462365591398,96.41935483870968,89.71505376344086,88.25268817204301,50.83870967741935,49.795698924731184,123.63978494623656,6.795698924731183,6.17741935483871,5.618279569892473,2.827956989247312
203,168,233937.8392857143,226340.8273809524,239122.64880952385,218039.9821428572,3062581373.363096,135091.1130952381,133091.40476190476,160318.48214285713,157002.39285714287,134583.75,132735.5119047619,47456.79761904762,42711.333333333336,0.355653600117143,314728873.11904764,3242.4166666666665,3203.8869047619046,1605.9166666666667,1603.5416666666667,406.7857142857143,386.2083333333333,2065.8273809523807,1722.059523809524,1078.767857142857,987.059523809524,77.98809523809524,67.4047619047619,3752.065476190476,1980.2083333333333,108.69642857142856,105.39880952380952,11.529761904761903,11.410714285714286,391.8511904761905,372.1785714285714,126.3095238095238,125.70238095238096,1.8154761904761905,1.7142857142857142,275.3511904761905,267.4166666666667,742.2678571428571,729.2321428571429,523.8214285714286,517.202380952381,1049.142857142857,808.0714285714286,541.0119047619048,491.5178571428572,217.5119047619048
206,186,231008.5483870968,218616.688172043,221567.04301075268,197310.6505376344,5323800182.543011,26676.97311827957,26283.983870967742,128833.7741935484,125333.8494623656,98949.68279569891,97194.16129032258,68084.22043010753,62070.397849462366,0.1599887054460831,275839692.811828,6962.134408602151,6867.349462365592,3594.6666666666665,3325.483870967742,509.0698924731183,464.44086021505376,791.3709677419355,736.8548387096774,545.2741935483871,246.0967741935484,33.97849462365591,31.602150537634408,2109.0913978494623,1222.032258064516,264.7043010752688,263.10752688172045,12.483870967741936,12.21505376344086,383.6021505376344,355.6559139784946,120.58602150537637,117.94086021505376,0.0591397849462365,0.0591397849462365,244.6505376344086,238.252688172043,1072.5913978494625,1042.6935483870968,435.8494623655914,424.6559139784946,529.1827956989247,229.3279569892473,523.3602150537635,464.03225806451616,222.5967741935484
212,150,337238.19333333336,312570.67333333334,85193.66666666667,73360.25333333333,4895000708.373333,4881.893333333333,4496.58,65717.72666666667,59120.14,60206.57333333333,54757.02,14134.106666666668,12133.526666666668,0.1480626787275684,191839560.84,2094.6466666666665,2057.2533333333336,939.6733333333332,1093.3733333333332,247.22666666666663,225.66,413.88666666666666,385.02,281.76,132.1266666666667,16.626666666666665,15.806666666666668,913.02,556.66,112.35333333333334,111.9,6.746666666666667,6.68,172.97333333333333,160.26,51.2,48.62,0.0266666666666666,0.0266666666666666,241.02666666666667,229.0533333333333,339.6533333333333,326.04,136.3733333333333,129.99333333333334,273.94666666666666,121.34,229.7,202.6133333333333,99.95333333333332
213,180,333509.0722222222,319627.22222222225,340347.06111111114,318975.65555555554,8709343224.744444,136284.2,133462.38888888888,227577.0833333333,221252.9,199487.26111111112,194439.9388888889,89049.82777777778,83654.28333333334,0.3908008316623331,39694629.516666666,1541.161111111111,1508.7666666666669,717.4555555555555,820.8611111111111,194.16666666666663,171.45,31.744444444444444,29.93888888888889,27.594444444444445,4.15,1.1388888888888888,1.0611111111111111,60.28333333333333,44.02222222222223,111.98333333333332,111.71111111111112,3.855555555555556,3.8222222222222224,17.622222222222224,15.805555555555555,9.11111111111111,8.927777777777777,0.1055555555555555,0.1,204.67222222222225,194.51666666666668,258.4166666666667,247.0,74.97777777777777,68.42222222222222,26.81111111111111,3.388888888888889,33.1,28.8,19.627777777777776
214,168,154140.1607142857,145607.82142857142,150911.5892857143,140691.39880952382,2576829505.2619047,83595.61309523809,81722.33928571429,99079.58928571428,96713.27380952382,83368.16666666667,81550.28571428571,33755.26190476191,31619.761904761905,0.2575543584951844,403933116.6666667,1377.0833333333333,1365.2857142857142,907.2738095238096,467.3392857142857,70.20238095238095,63.42261904761905,276.4166666666667,249.36309523809524,220.5833333333333,55.833333333333336,15.892857142857142,13.25,548.4940476190476,243.8095238095238,177.1904761904762,169.48214285714286,7.613095238095238,7.5,74.50595238095238,66.33928571428571,18.19047619047619,18.017857142857142,0.25,0.2321428571428571,48.898809523809526,45.833333333333336,113.0,110.60119047619048,25.946428571428573,24.964285714285715,212.9642857142857,43.0,97.51190476190476,84.78571428571429,70.04166666666667
218,90,155057.88888888888,151347.9,138337.33333333334,126409.01111111112,2479478686.155556,4874.622222222222,4780.133333333333,42256.12222222222,41545.31111111112,28500.344444444443,28175.566666666666,68481.4,63022.53333333333,0.0939029575681406,19507759.866666667,1336.7888888888888,1306.8777777777775,841.0666666666667,490.31111111111113,112.64444444444445,93.57777777777778,62.94444444444444,60.11111111111112,61.48888888888889,1.4555555555555555,2.833333333333333,2.7777777777777777,30.655555555555555,15.555555555555555,183.42222222222225,183.11111111111111,4.533333333333333,4.511111111111111,36.06666666666667,31.0,11.11111111111111,10.977777777777778,0.0333333333333333,0.0333333333333333,119.02222222222224,118.0111111111111,174.5888888888889,165.61111111111111,45.04444444444445,42.37777777777778,59.17777777777778,1.3111111111111111,55.1,46.05555555555556,39.94444444444444
220,148,269156.2635135135,261922.43243243243,265719.49324324325,249893.2027027027,4010320198.25,179508.69594594595,176844.4527027027,191761.48648648648,188716.0675675676,179085.56756756757,176504.18243243243,44388.51351351351,41467.83108108108,0.252684739029723,493710852.9932432,2501.4797297297296,2487.3445945945946,1024.777027027027,1474.1554054054054,218.2905405405405,211.73648648648648,630.6013513513514,594.1824324324324,526.777027027027,103.82432432432432,33.148648648648646,30.70945945945946,3030.95945945946,1315.8851351351352,39.26351351351352,38.060810810810814,1.858108108108108,1.8310810810810807,23.39189189189189,22.114864864864863,10.608108108108109,10.547297297297296,0.0135135135135135,0.0135135135135135,65.08108108108108,61.61486486486486,160.0810810810811,157.19594594594594,78.6891891891892,76.63513513513513,513.0472972972973,90.1554054054054,36.16891891891892,33.101351351351354,18.885135135135137
226,118,118942.09322033898,112676.6186440678,87984.22033898305,84049.89830508475,1706013457.779661,19542.93220338983,19422.48305084746,64040.398305084746,63379.0,45282.76271186441,44979.23728813559,13694.06779661017,12860.737288135591,0.3091122042492615,164422563.12711865,969.2881355932204,963.4491525423728,376.1694915254237,592.3813559322034,70.77966101694915,67.60169491525424,51.889830508474574,48.72033898305085,37.15254237288136,14.73728813559322,1.7881355932203389,1.7372881355932204,436.7372881355933,219.9237288135593,20.1271186440678,20.10169491525424,3.0508474576271185,3.0508474576271185,17.73728813559322,16.838983050847457,6.059322033898305,5.991525423728813,0.0084745762711864,0.0084745762711864,24.26271186440678,22.983050847457623,87.9322033898305,86.73728813559322,48.8728813559322,48.23728813559322,36.65254237288136,12.73728813559322,24.78813559322034,22.78813559322034,10.601694915254235
